time_start,time_end,x_average,y_average,event,x_start,y_start,x_stop,y_stop,res_start,res_end,interaction_type,res_timestamp,condition,n_game,subject,filename,n_star,n
91274.0,105662.0,629.9,432.0,fixation,,,,,79816204.0,79830592.0,blast,79818195,im,1,06KK,im_log_game_1,3,1
91226.0,91272.0,,,saccade,810.6,465.0,632.0,449.4,79816156.0,79816202.0,blast,79818195,im,1,06KK,im_log_game_1,3,1
108366.0,108570.0,819.0,644.3,fixation,,,,,79833296.0,79833500.0,blast,79835275,im,1,06KK,im_log_game_1,8,2
108598.0,118096.0,849.5,688.3,fixation,,,,,79833528.0,79843026.0,blast,79835275,im,1,06KK,im_log_game_1,8,2
108294.0,108364.0,,,saccade,874.9,275.6,814.8,645.5,79833224.0,79833294.0,blast,79835275,im,1,06KK,im_log_game_1,8,2
108572.0,108596.0,,,saccade,825.5,638.3,841.5,724.9,79833502.0,79833526.0,blast,79835275,im,1,06KK,im_log_game_1,8,2
126526.0,138692.0,1341.1,942.1,fixation,,,,,79851456.0,79863622.0,blast,79853435,im,1,06KK,im_log_game_1,17,3
126448.0,126524.0,,,saccade,587.0,805.1,1333.2,939.0,79851378.0,79851454.0,blast,79853435,im,1,06KK,im_log_game_1,17,3
141576.0,141840.0,1078.2,465.9,fixation,,,,,79866506.0,79866770.0,blast,79868475,im,1,06KK,im_log_game_1,12,4
141856.0,152974.0,1089.2,436.7,fixation,,,,,79866786.0,79877904.0,blast,79868475,im,1,06KK,im_log_game_1,12,4
141506.0,141574.0,,,saccade,1322.0,274.2,1079.5,469.6,79866436.0,79866504.0,blast,79868475,im,1,06KK,im_log_game_1,12,4
141842.0,141854.0,,,saccade,1075.7,474.4,1049.9,466.3,79866772.0,79866784.0,blast,79868475,im,1,06KK,im_log_game_1,12,4
156452.0,156610.0,1350.5,326.6,fixation,,,,,79881382.0,79881540.0,blast,79883355,im,1,06KK,im_log_game_1,18,5
156630.0,160044.0,1351.4,274.1,fixation,,,,,79881560.0,79884974.0,blast,79883355,im,1,06KK,im_log_game_1,18,5
156380.0,156450.0,,,saccade,916.9,302.5,1360.4,338.2,79881310.0,79881380.0,blast,79883355,im,1,06KK,im_log_game_1,18,5
156612.0,156628.0,,,saccade,1352.0,319.0,1340.9,287.0,79881542.0,79881558.0,blast,79883355,im,1,06KK,im_log_game_1,18,5
171102.0,171568.0,879.4,903.6,fixation,,,,,79896032.0,79896498.0,holiday_home,79898315,im,1,06KK,im_log_game_1,6,6
171602.0,171934.0,795.5,921.3,fixation,,,,,79896532.0,79896864.0,holiday_home,79898315,im,1,06KK,im_log_game_1,6,6
171948.0,174178.0,767.1,927.8,fixation,,,,,79896878.0,79899108.0,holiday_home,79898315,im,1,06KK,im_log_game_1,6,6
171570.0,171600.0,,,saccade,878.2,896.0,802.1,919.6,79896500.0,79896530.0,holiday_home,79898315,im,1,06KK,im_log_game_1,6,6
171936.0,171946.0,,,saccade,777.7,928.4,760.7,922.4,79896866.0,79896876.0,holiday_home,79898315,im,1,06KK,im_log_game_1,6,6
210092.0,210254.0,1265.3,657.0,fixation,,,,,79935022.0,79935184.0,blast,79936994,im,1,06KK,im_log_game_1,16,7
210300.0,218476.0,1246.2,662.2,fixation,,,,,79935230.0,79943406.0,blast,79936994,im,1,06KK,im_log_game_1,16,7
210032.0,210090.0,,,saccade,1061.2,833.2,1260.6,673.6,79934962.0,79935020.0,blast,79936994,im,1,06KK,im_log_game_1,16,7
210256.0,210298.0,,,saccade,1264.9,654.9,1247.2,669.1,79935186.0,79935228.0,blast,79936994,im,1,06KK,im_log_game_1,16,7
226672.0,235332.0,1053.4,851.1,fixation,,,,,79951602.0,79960262.0,blast,79953594,im,1,06KK,im_log_game_1,11,8
226650.0,226670.0,,,saccade,1032.7,905.9,1042.1,870.3,79951580.0,79951600.0,blast,79953594,im,1,06KK,im_log_game_1,11,8
240964.0,241094.0,539.5,832.1,fixation,,,,,79965894.0,79966024.0,holiday_home,79967874,im,1,06KK,im_log_game_1,1,9
241128.0,243748.0,583.2,797.4,fixation,,,,,79966058.0,79968678.0,holiday_home,79967874,im,1,06KK,im_log_game_1,1,9
240890.0,240962.0,,,saccade,922.1,310.0,539.3,842.9,79965820.0,79965892.0,holiday_home,79967874,im,1,06KK,im_log_game_1,1,9
241096.0,241126.0,,,saccade,536.3,830.2,570.7,812.5,79966026.0,79966056.0,holiday_home,79967874,im,1,06KK,im_log_game_1,1,9
267402.0,279772.0,937.4,271.1,fixation,,,,,79992332.0,80004702.0,blast,79994314,im,1,06KK,im_log_game_1,9,10
267354.0,267400.0,,,saccade,852.6,318.7,908.7,305.7,79992284.0,79992330.0,blast,79994314,im,1,06KK,im_log_game_1,9,10
285520.0,285722.0,547.1,672.5,fixation,,,,,80010450.0,80010652.0,blast,80012394,im,1,06KK,im_log_game_1,2,11
285746.0,294014.0,594.6,662.8,fixation,,,,,80010676.0,80018944.0,blast,80012394,im,1,06KK,im_log_game_1,2,11
285462.0,285518.0,,,saccade,799.8,549.1,546.3,662.8,80010392.0,80010448.0,blast,80012394,im,1,06KK,im_log_game_1,2,11
285724.0,285744.0,,,saccade,545.2,675.9,597.0,685.2,80010654.0,80010674.0,blast,80012394,im,1,06KK,im_log_game_1,2,11
302076.0,303384.0,775.4,114.2,fixation,,,,,80027006.0,80028314.0,holiday_home,80028994,im,1,06KK,im_log_game_1,7,12
303414.0,303580.0,741.6,146.8,fixation,,,,,80028344.0,80028510.0,holiday_home,80028994,im,1,06KK,im_log_game_1,7,12
303604.0,304922.0,771.4,147.3,fixation,,,,,80028534.0,80029852.0,holiday_home,80028994,im,1,06KK,im_log_game_1,7,12
301928.0,302074.0,,,saccade,550.6,223.1,770.9,158.6,80026858.0,80027004.0,holiday_home,80028994,im,1,06KK,im_log_game_1,7,12
303386.0,303412.0,,,saccade,770.7,112.6,743.6,129.0,80028316.0,80028342.0,holiday_home,80028994,im,1,06KK,im_log_game_1,7,12
303582.0,303602.0,,,saccade,738.8,155.4,779.0,136.1,80028512.0,80028532.0,holiday_home,80028994,im,1,06KK,im_log_game_1,7,12
327488.0,327692.0,767.2,846.0,fixation,,,,,80052418.0,80052622.0,blast,80054396,im,1,06KK,im_log_game_1,5,13
327716.0,332896.0,727.0,832.5,fixation,,,,,80052646.0,80057826.0,blast,80054396,im,1,06KK,im_log_game_1,5,13
327420.0,327486.0,,,saccade,1149.3,630.9,760.5,847.5,80052350.0,80052416.0,blast,80054396,im,1,06KK,im_log_game_1,5,13
327694.0,327714.0,,,saccade,768.0,857.3,743.3,828.7,80052624.0,80052644.0,blast,80054396,im,1,06KK,im_log_game_1,5,13
343142.0,343326.0,1155.1,732.4,fixation,,,,,80068072.0,80068256.0,blast,80070034,im,1,06KK,im_log_game_1,14,14
343352.0,355448.0,1148.4,649.4,fixation,,,,,80068282.0,80080378.0,blast,80070034,im,1,06KK,im_log_game_1,14,14
343030.0,343140.0,,,saccade,1864.0,-15.8,1171.7,751.3,80067960.0,80068070.0,blast,80070034,im,1,06KK,im_log_game_1,14,14
343328.0,343350.0,,,saccade,1150.1,735.9,1136.9,668.9,80068258.0,80068280.0,blast,80070034,im,1,06KK,im_log_game_1,14,14
359750.0,359856.0,627.9,248.7,fixation,,,,,80084680.0,80084786.0,blast,80086634,im,1,06KK,im_log_game_1,0,15
359902.0,360070.0,541.4,189.5,fixation,,,,,80084832.0,80085000.0,blast,80086634,im,1,06KK,im_log_game_1,0,15
360106.0,369258.0,585.0,226.2,fixation,,,,,80085036.0,80094188.0,blast,80086634,im,1,06KK,im_log_game_1,0,15
359640.0,359748.0,,,saccade,1931.9,-18.5,626.0,248.7,80084570.0,80084678.0,blast,80086634,im,1,06KK,im_log_game_1,0,15
359858.0,359900.0,,,saccade,629.5,256.6,537.6,191.7,80084788.0,80084830.0,blast,80086634,im,1,06KK,im_log_game_1,0,15
360072.0,360104.0,,,saccade,542.1,192.9,571.1,240.3,80085002.0,80085034.0,blast,80086634,im,1,06KK,im_log_game_1,0,15
376008.0,376414.0,745.5,394.7,fixation,,,,,80100938.0,80101344.0,blast,80102914,im,1,06KK,im_log_game_1,4,16
376436.0,380436.0,709.2,412.2,fixation,,,,,80101366.0,80105366.0,blast,80102914,im,1,06KK,im_log_game_1,4,16
375948.0,376006.0,,,saccade,1107.8,189.1,742.7,383.0,80100878.0,80100936.0,blast,80102914,im,1,06KK,im_log_game_1,4,16
376416.0,376434.0,,,saccade,755.0,391.7,711.2,404.2,80101346.0,80101364.0,blast,80102914,im,1,06KK,im_log_game_1,4,16
390852.0,390892.0,1132.4,197.7,fixation,,,,,80115782.0,80115822.0,blast,80117755,im,1,06KK,im_log_game_1,13,17
391072.0,391350.0,1071.4,208.7,fixation,,,,,80116002.0,80116280.0,blast,80117755,im,1,06KK,im_log_game_1,13,17
391378.0,392082.0,1118.2,204.4,fixation,,,,,80116308.0,80117012.0,blast,80117755,im,1,06KK,im_log_game_1,13,17
392122.0,392348.0,1103.2,170.8,fixation,,,,,80117052.0,80117278.0,blast,80117755,im,1,06KK,im_log_game_1,13,17
392440.0,392478.0,1097.0,185.9,fixation,,,,,80117370.0,80117408.0,blast,80117755,im,1,06KK,im_log_game_1,13,17
392486.0,392614.0,1095.0,174.9,fixation,,,,,80117416.0,80117544.0,blast,80117755,im,1,06KK,im_log_game_1,13,17
392678.0,392864.0,1140.8,173.5,fixation,,,,,80117608.0,80117794.0,blast,80117755,im,1,06KK,im_log_game_1,13,17
390822.0,390850.0,,,saccade,1305.9,208.9,1156.2,196.2,80115752.0,80115780.0,blast,80117755,im,1,06KK,im_log_game_1,13,17
390894.0,391070.0,,,saccade,1119.4,210.1,1091.1,185.8,80115824.0,80116000.0,blast,80117755,im,1,06KK,im_log_game_1,13,17
391352.0,391376.0,,,saccade,1064.2,214.7,1113.0,219.0,80116282.0,80116306.0,blast,80117755,im,1,06KK,im_log_game_1,13,17
392084.0,392120.0,,,saccade,1120.3,206.0,1100.7,183.8,80117014.0,80117050.0,blast,80117755,im,1,06KK,im_log_game_1,13,17
392350.0,392438.0,,,saccade,1108.6,159.2,1095.8,183.9,80117280.0,80117368.0,blast,80117755,im,1,06KK,im_log_game_1,13,17
392480.0,392484.0,,,saccade,1093.7,189.8,1095.4,180.4,80117410.0,80117414.0,blast,80117755,im,1,06KK,im_log_game_1,13,17
392616.0,392676.0,,,saccade,1091.1,164.5,1152.8,180.4,80117546.0,80117606.0,blast,80117755,im,1,06KK,im_log_game_1,13,17
404822.0,407362.0,1127.9,448.6,fixation,,,,,80129752.0,80132292.0,blast,80133474,im,1,06KK,im_log_game_1,15,18
407380.0,418032.0,1179.9,421.3,fixation,,,,,80132310.0,80142962.0,blast,80133474,im,1,06KK,im_log_game_1,15,18
407364.0,407378.0,,,saccade,1136.9,475.6,1161.3,469.5,80132294.0,80132308.0,blast,80133474,im,1,06KK,im_log_game_1,15,18
420228.0,423606.0,1333.6,226.1,fixation,,,,,80145158.0,80148536.0,blast,80147154,im,1,06KK,im_log_game_1,19,19
420154.0,420226.0,,,saccade,1880.9,-18.3,1346.9,215.7,80145084.0,80145156.0,blast,80147154,im,1,06KK,im_log_game_1,19,19
435476.0,436312.0,1012.1,907.4,fixation,,,,,80160406.0,80161242.0,holiday_home,80162394,im,1,06KK,im_log_game_1,10,20
436354.0,436528.0,997.7,909.5,fixation,,,,,80161284.0,80161458.0,holiday_home,80162394,im,1,06KK,im_log_game_1,10,20
436548.0,438106.0,1001.4,908.0,fixation,,,,,80161478.0,80163036.0,holiday_home,80162394,im,1,06KK,im_log_game_1,10,20
435418.0,435474.0,,,saccade,631.1,834.4,997.4,913.2,80160348.0,80160404.0,holiday_home,80162394,im,1,06KK,im_log_game_1,10,20
436314.0,436352.0,,,saccade,1017.8,911.9,1000.5,912.4,80161244.0,80161282.0,holiday_home,80162394,im,1,06KK,im_log_game_1,10,20
436530.0,436546.0,,,saccade,997.2,909.0,1026.8,902.2,80161460.0,80161476.0,holiday_home,80162394,im,1,06KK,im_log_game_1,10,20
840084.0,840260.0,660.7,214.2,fixation,,,,,80565012.0,80565188.0,holiday_home,80567009,im,2,06KK,im_log_game_2,1,1
840280.0,840652.0,634.4,184.6,fixation,,,,,80565208.0,80565580.0,holiday_home,80567009,im,2,06KK,im_log_game_2,1,1
840692.0,842446.0,641.3,163.8,fixation,,,,,80565620.0,80567374.0,holiday_home,80567009,im,2,06KK,im_log_game_2,1,1
839954.0,840082.0,,,saccade,745.8,485.8,659.0,223.9,80564882.0,80565010.0,holiday_home,80567009,im,2,06KK,im_log_game_2,1,1
840262.0,840278.0,,,saccade,659.0,192.7,628.5,191.7,80565190.0,80565206.0,holiday_home,80567009,im,2,06KK,im_log_game_2,1,1
840654.0,840690.0,,,saccade,634.1,172.6,641.3,163.4,80565582.0,80565618.0,holiday_home,80567009,im,2,06KK,im_log_game_2,1,1
947824.0,947994.0,1323.8,463.0,fixation,,,,,80672752.0,80672922.0,holiday_home,80674728,im,2,06KK,im_log_game_2,8,2
948016.0,951088.0,1311.9,405.8,fixation,,,,,80672944.0,80676016.0,holiday_home,80674728,im,2,06KK,im_log_game_2,8,2
947766.0,947822.0,,,saccade,1093.6,385.3,1328.0,462.2,80672694.0,80672750.0,holiday_home,80674728,im,2,06KK,im_log_game_2,8,2
947996.0,948014.0,,,saccade,1324.1,460.8,1320.7,425.1,80672924.0,80672942.0,holiday_home,80674728,im,2,06KK,im_log_game_2,8,2
977318.0,977706.0,593.0,843.1,fixation,,,,,80702246.0,80702634.0,blast,80704088,im,2,06KK,im_log_game_2,0,3
977728.0,987104.0,619.5,850.0,fixation,,,,,80702656.0,80712032.0,blast,80704088,im,2,06KK,im_log_game_2,0,3
977140.0,977316.0,,,saccade,815.4,787.1,596.7,851.3,80702068.0,80702244.0,blast,80704088,im,2,06KK,im_log_game_2,0,3
977708.0,977726.0,,,saccade,593.5,832.3,630.3,825.7,80702636.0,80702654.0,blast,80704088,im,2,06KK,im_log_game_2,0,3
996854.0,997008.0,1350.5,776.2,fixation,,,,,80721782.0,80721936.0,holiday_home,80723768,im,2,06KK,im_log_game_2,9,4
997030.0,999530.0,1328.9,776.7,fixation,,,,,80721958.0,80724458.0,holiday_home,80723768,im,2,06KK,im_log_game_2,9,4
996802.0,996852.0,,,saccade,1114.0,711.6,1344.7,772.7,80721730.0,80721780.0,holiday_home,80723768,im,2,06KK,im_log_game_2,9,4
997010.0,997028.0,,,saccade,1351.0,784.6,1320.3,780.8,80721938.0,80721956.0,holiday_home,80723768,im,2,06KK,im_log_game_2,9,4
1015662.0,1025766.0,1082.1,404.3,fixation,,,,,80740590.0,80750694.0,blast,80744168,im,2,06KK,im_log_game_2,6,5
1031214.0,1032756.0,1093.9,761.4,fixation,,,,,80756142.0,80757684.0,blast,80758488,im,2,06KK,im_log_game_2,5,6
1032794.0,1043866.0,1056.2,687.9,fixation,,,,,80757722.0,80768794.0,blast,80758488,im,2,06KK,im_log_game_2,5,6
1032758.0,1032792.0,,,saccade,1093.5,747.5,1047.7,717.9,80757686.0,80757720.0,blast,80758488,im,2,06KK,im_log_game_2,5,6
1044466.0,1053384.0,1304.9,772.9,fixation,,,,,80769394.0,80778312.0,blast,80771808,im,2,06KK,im_log_game_2,9,7
1060200.0,1060410.0,1177.9,210.2,fixation,,,,,80785128.0,80785338.0,blast,80787127,im,2,06KK,im_log_game_2,7,8
1060430.0,1071314.0,1163.9,134.1,fixation,,,,,80785358.0,80796242.0,blast,80787127,im,2,06KK,im_log_game_2,7,8
1060412.0,1060428.0,,,saccade,1171.7,203.8,1150.5,170.9,80785340.0,80785356.0,blast,80787127,im,2,06KK,im_log_game_2,7,8
1072190.0,1078324.0,832.2,784.1,fixation,,,,,80797118.0,80803252.0,blast,80799448,im,2,06KK,im_log_game_2,3,9
1099782.0,1114594.0,740.1,396.7,fixation,,,,,80824710.0,80839522.0,blast,80828088,im,2,06KK,im_log_game_2,2,10
1121220.0,1124554.0,936.9,271.0,fixation,,,,,80846148.0,80849482.0,blast,80848128,im,2,06KK,im_log_game_2,4,11
1121166.0,1121218.0,,,saccade,1006.3,692.2,935.6,291.1,80846094.0,80846146.0,blast,80848128,im,2,06KK,im_log_game_2,4,11
1191516.0,1191688.0,617.3,628.0,fixation,,,,,80916442.0,80916614.0,holiday_home,80918405,im,2,06KK,im_log_game_3,1,1
1191738.0,1193200.0,690.0,613.5,fixation,,,,,80916664.0,80918126.0,holiday_home,80918405,im,2,06KK,im_log_game_3,1,1
1193212.0,1194038.0,702.0,630.9,fixation,,,,,80918138.0,80918964.0,holiday_home,80918405,im,2,06KK,im_log_game_3,1,1
1191438.0,1191514.0,,,saccade,808.3,337.1,620.7,629.2,80916364.0,80916440.0,holiday_home,80918405,im,2,06KK,im_log_game_3,1,1
1191690.0,1191736.0,,,saccade,614.0,632.2,671.4,605.0,80916616.0,80916662.0,holiday_home,80918405,im,2,06KK,im_log_game_3,1,1
1193202.0,1193210.0,,,saccade,701.9,623.8,698.8,619.4,80918128.0,80918136.0,holiday_home,80918405,im,2,06KK,im_log_game_3,1,1
1217692.0,1217956.0,681.0,872.4,fixation,,,,,80942618.0,80942882.0,blast,80944565,im,2,06KK,im_log_game_3,2,2
1217988.0,1229254.0,744.0,829.5,fixation,,,,,80942914.0,80954180.0,blast,80944565,im,2,06KK,im_log_game_3,2,2
1217624.0,1217690.0,,,saccade,914.5,672.2,677.9,882.4,80942550.0,80942616.0,blast,80944565,im,2,06KK,im_log_game_3,2,2
1217958.0,1217986.0,,,saccade,674.2,873.4,724.8,853.9,80942884.0,80942912.0,blast,80944565,im,2,06KK,im_log_game_3,2,2
1231142.0,1239886.0,1241.3,931.3,fixation,,,,,80956068.0,80964812.0,blast,80958045,im,2,06KK,im_log_game_3,8,3
1231098.0,1231140.0,,,saccade,1003.2,946.8,1240.5,934.0,80956024.0,80956066.0,blast,80958045,im,2,06KK,im_log_game_3,8,3
1245650.0,1247058.0,559.8,294.7,fixation,,,,,80970576.0,80971984.0,blast,80972525,im,2,06KK,im_log_game_3,0,4
1247066.0,1254196.0,566.7,287.6,fixation,,,,,80971992.0,80979122.0,blast,80972525,im,2,06KK,im_log_game_3,0,4
1245576.0,1245648.0,,,saccade,927.9,178.0,545.4,294.7,80970502.0,80970574.0,blast,80972525,im,2,06KK,im_log_game_3,0,4
1247060.0,1247064.0,,,saccade,564.0,308.7,563.6,312.2,80971986.0,80971990.0,blast,80972525,im,2,06KK,im_log_game_3,0,4
1258828.0,1259398.0,815.8,375.2,fixation,,,,,80983754.0,80984324.0,blast,80985845,im,2,06KK,im_log_game_3,3,5
1259420.0,1260018.0,822.8,418.2,fixation,,,,,80984346.0,80984944.0,blast,80985845,im,2,06KK,im_log_game_3,3,5
1260034.0,1266856.0,820.7,366.3,fixation,,,,,80984960.0,80991782.0,blast,80985845,im,2,06KK,im_log_game_3,3,5
1259400.0,1259418.0,,,saccade,815.3,367.6,822.7,413.3,80984326.0,80984344.0,blast,80985845,im,2,06KK,im_log_game_3,3,5
1260020.0,1260032.0,,,saccade,823.8,426.1,819.2,404.5,80984946.0,80984958.0,blast,80985845,im,2,06KK,im_log_game_3,3,5
1270568.0,1272206.0,983.6,948.9,fixation,,,,,80995494.0,80997132.0,blast,80998165,im,2,06KK,im_log_game_3,6,6
1272242.0,1272896.0,1022.6,971.6,fixation,,,,,80997168.0,80997822.0,blast,80998165,im,2,06KK,im_log_game_3,6,6
1272918.0,1273682.0,1020.5,963.7,fixation,,,,,80997844.0,80998608.0,blast,80998165,im,2,06KK,im_log_game_3,6,6
1272208.0,1272240.0,,,saccade,982.6,952.7,1024.1,976.5,80997134.0,80997166.0,blast,80998165,im,2,06KK,im_log_game_3,6,6
1272898.0,1272916.0,,,saccade,1021.1,973.8,1019.6,973.6,80997824.0,80997842.0,blast,80998165,im,2,06KK,im_log_game_3,6,6
1285728.0,1285932.0,922.7,597.4,fixation,,,,,81010654.0,81010858.0,holiday_home,81012605,im,2,06KK,im_log_game_3,5,7
1285978.0,1288670.0,970.8,668.1,fixation,,,,,81010904.0,81013596.0,holiday_home,81012605,im,2,06KK,im_log_game_3,5,7
1285648.0,1285726.0,,,saccade,1032.6,923.8,930.3,592.7,81010574.0,81010652.0,holiday_home,81012605,im,2,06KK,im_log_game_3,5,7
1285934.0,1285976.0,,,saccade,915.9,601.8,964.3,664.1,81010860.0,81010902.0,holiday_home,81012605,im,2,06KK,im_log_game_3,5,7
1309762.0,1309928.0,967.9,194.9,fixation,,,,,81034688.0,81034854.0,blast,81036685,im,2,06KK,im_log_game_3,4,8
1309950.0,1316208.0,939.4,149.8,fixation,,,,,81034876.0,81041134.0,blast,81036685,im,2,06KK,im_log_game_3,4,8
1309734.0,1309760.0,,,saccade,871.7,252.5,957.9,209.0,81034660.0,81034686.0,blast,81036685,im,2,06KK,im_log_game_3,4,8
1309930.0,1309948.0,,,saccade,960.5,195.7,941.5,154.3,81034856.0,81034874.0,blast,81036685,im,2,06KK,im_log_game_3,4,8
1323434.0,1323620.0,1232.7,708.6,fixation,,,,,81048360.0,81048546.0,holiday_home,81050325,im,2,06KK,im_log_game_3,9,9
1323648.0,1324632.0,1289.2,682.0,fixation,,,,,81048574.0,81049558.0,holiday_home,81050325,im,2,06KK,im_log_game_3,9,9
1324650.0,1326050.0,1284.9,689.7,fixation,,,,,81049576.0,81050976.0,holiday_home,81050325,im,2,06KK,im_log_game_3,9,9
1323366.0,1323432.0,,,saccade,1111.4,325.4,1233.9,722.5,81048292.0,81048358.0,holiday_home,81050325,im,2,06KK,im_log_game_3,9,9
1323622.0,1323646.0,,,saccade,1230.8,711.3,1284.7,692.9,81048548.0,81048572.0,holiday_home,81050325,im,2,06KK,im_log_game_3,9,9
1324634.0,1324648.0,,,saccade,1291.4,682.5,1296.8,697.7,81049560.0,81049574.0,holiday_home,81050325,im,2,06KK,im_log_game_3,9,9
1348330.0,1348958.0,1112.3,284.2,fixation,,,,,81073256.0,81073884.0,holiday_home,81075045,im,2,06KK,im_log_game_3,7,10
1348976.0,1350534.0,1108.2,278.6,fixation,,,,,81073902.0,81075460.0,holiday_home,81075045,im,2,06KK,im_log_game_3,7,10
1348090.0,1348328.0,,,saccade,984.2,290.7,1094.1,333.4,81073016.0,81073254.0,holiday_home,81075045,im,2,06KK,im_log_game_3,7,10
1348960.0,1348974.0,,,saccade,1108.6,281.4,1120.9,267.6,81073886.0,81073900.0,holiday_home,81075045,im,2,06KK,im_log_game_3,7,10
1604560.0,1604724.0,761.8,857.4,fixation,,,,,81329485.0,81329649.0,blast,81331432,im,3,06KK,im_log_game_4,6,1
1604744.0,1618972.0,810.1,827.7,fixation,,,,,81329669.0,81343897.0,blast,81331432,im,3,06KK,im_log_game_4,6,1
1604492.0,1604558.0,,,saccade,1111.6,818.1,754.0,853.1,81329417.0,81329483.0,blast,81331432,im,3,06KK,im_log_game_4,6,1
1604726.0,1604742.0,,,saccade,760.2,867.3,788.5,851.3,81329651.0,81329667.0,blast,81331432,im,3,06KK,im_log_game_4,6,1
1624952.0,1638540.0,1208.9,419.7,fixation,,,,,81349877.0,81363465.0,blast,81351872,im,3,06KK,im_log_game_4,14,2
1624904.0,1624950.0,,,saccade,741.9,534.2,1155.3,445.9,81349829.0,81349875.0,blast,81351872,im,3,06KK,im_log_game_4,14,2
1639856.0,1640012.0,643.5,181.0,fixation,,,,,81364781.0,81364937.0,blast,81366752,im,3,06KK,im_log_game_4,2,3
1640034.0,1648548.0,651.7,129.8,fixation,,,,,81364959.0,81373473.0,blast,81366752,im,3,06KK,im_log_game_4,2,3
1639768.0,1639854.0,,,saccade,1169.1,447.5,637.8,181.8,81364693.0,81364779.0,blast,81366752,im,3,06KK,im_log_game_4,2,3
1640014.0,1640032.0,,,saccade,638.3,183.7,656.0,146.4,81364939.0,81364957.0,blast,81366752,im,3,06KK,im_log_game_4,2,3
1656294.0,1656452.0,894.7,178.2,fixation,,,,,81381219.0,81381377.0,blast,81383232,im,3,06KK,im_log_game_4,8,4
1656472.0,1670828.0,869.8,193.4,fixation,,,,,81381397.0,81395753.0,blast,81383232,im,3,06KK,im_log_game_4,8,4
1656454.0,1656470.0,,,saccade,892.0,183.4,870.2,195.5,81381379.0,81381395.0,blast,81383232,im,3,06KK,im_log_game_4,8,4
1672842.0,1673022.0,565.5,415.6,fixation,,,,,81397767.0,81397947.0,holiday_home,81399752,im,3,06KK,im_log_game_4,0,5
1673048.0,1674020.0,601.9,387.1,fixation,,,,,81397973.0,81398945.0,holiday_home,81399752,im,3,06KK,im_log_game_4,0,5
1674046.0,1675508.0,584.4,389.2,fixation,,,,,81398971.0,81400433.0,holiday_home,81399752,im,3,06KK,im_log_game_4,0,5
1672782.0,1672840.0,,,saccade,960.8,463.4,578.2,418.5,81397707.0,81397765.0,holiday_home,81399752,im,3,06KK,im_log_game_4,0,5
1673024.0,1673046.0,,,saccade,562.2,416.7,593.7,377.3,81397949.0,81397971.0,holiday_home,81399752,im,3,06KK,im_log_game_4,0,5
1674022.0,1674044.0,,,saccade,609.0,385.5,579.5,373.0,81398947.0,81398969.0,holiday_home,81399752,im,3,06KK,im_log_game_4,0,5
1726444.0,1726610.0,1009.0,862.1,fixation,,,,,81451369.0,81451535.0,blast,81453352,im,3,06KK,im_log_game_4,12,6
1726644.0,1737978.0,1059.5,919.4,fixation,,,,,81451569.0,81462903.0,blast,81453352,im,3,06KK,im_log_game_4,12,6
1726368.0,1726442.0,,,saccade,594.5,398.2,1014.8,868.3,81451293.0,81451367.0,blast,81453352,im,3,06KK,im_log_game_4,12,6
1726612.0,1726642.0,,,saccade,1010.8,864.4,1029.0,937.1,81451537.0,81451567.0,blast,81453352,im,3,06KK,im_log_game_4,12,6
1741400.0,1741742.0,752.2,569.5,fixation,,,,,81466325.0,81466667.0,holiday_home,81468312,im,3,06KK,im_log_game_4,5,7
1741762.0,1744072.0,744.5,545.4,fixation,,,,,81466687.0,81468997.0,holiday_home,81468312,im,3,06KK,im_log_game_4,5,7
1741324.0,1741398.0,,,saccade,1207.4,717.2,749.3,574.6,81466249.0,81466323.0,holiday_home,81468312,im,3,06KK,im_log_game_4,5,7
1741744.0,1741760.0,,,saccade,754.1,566.8,747.2,545.6,81466669.0,81466685.0,holiday_home,81468312,im,3,06KK,im_log_game_4,5,7
1778128.0,1780802.0,1285.2,176.4,fixation,,,,,81503053.0,81505727.0,holiday_home,81505031,im,3,06KK,im_log_game_4,17,8
1778078.0,1778126.0,,,saccade,1213.2,688.6,1278.5,206.0,81503003.0,81503051.0,holiday_home,81505031,im,3,06KK,im_log_game_4,17,8
1802574.0,1805160.0,1199.5,680.6,fixation,,,,,81527499.0,81530085.0,holiday_home,81529472,im,3,06KK,im_log_game_4,15,9
1802502.0,1802572.0,,,saccade,635.9,601.3,1212.9,674.1,81527427.0,81527497.0,holiday_home,81529472,im,3,06KK,im_log_game_4,15,9
1895536.0,1895636.0,964.0,548.3,fixation,,,,,81620461.0,81620561.0,holiday_home,81622471,im,3,06KK,im_log_game_4,10,10
1895680.0,1895798.0,936.2,490.4,fixation,,,,,81620605.0,81620723.0,holiday_home,81622471,im,3,06KK,im_log_game_4,10,10
1895836.0,1897956.0,963.3,438.9,fixation,,,,,81620761.0,81622881.0,holiday_home,81622471,im,3,06KK,im_log_game_4,10,10
1895638.0,1895678.0,,,saccade,965.0,535.8,935.3,498.2,81620563.0,81620603.0,holiday_home,81622471,im,3,06KK,im_log_game_4,10,10
1895800.0,1895834.0,,,saccade,936.0,491.4,937.1,436.1,81620725.0,81620759.0,holiday_home,81622471,im,3,06KK,im_log_game_4,10,10
1971762.0,1971940.0,989.9,349.7,fixation,,,,,81696687.0,81696865.0,blast,81698671,im,3,06KK,im_log_game_4,9,11
1971964.0,1977672.0,962.1,358.6,fixation,,,,,81696889.0,81702597.0,blast,81698671,im,3,06KK,im_log_game_4,9,11
1971702.0,1971760.0,,,saccade,677.1,593.9,986.0,359.2,81696627.0,81696685.0,blast,81698671,im,3,06KK,im_log_game_4,9,11
1971942.0,1971962.0,,,saccade,992.9,352.3,941.1,373.0,81696867.0,81696887.0,blast,81698671,im,3,06KK,im_log_game_4,9,11
1986802.0,1986950.0,840.8,815.8,fixation,,,,,81711727.0,81711875.0,holiday_home,81713711,im,3,06KK,im_log_game_4,7,12
1986990.0,1989412.0,812.0,859.5,fixation,,,,,81711915.0,81714337.0,holiday_home,81713711,im,3,06KK,im_log_game_4,7,12
1986742.0,1986800.0,,,saccade,624.6,589.9,840.6,810.5,81711667.0,81711725.0,holiday_home,81713711,im,3,06KK,im_log_game_4,7,12
1986952.0,1986988.0,,,saccade,837.3,818.0,809.1,843.2,81711877.0,81711913.0,holiday_home,81713711,im,3,06KK,im_log_game_4,7,12
2100508.0,2100810.0,1131.7,840.5,fixation,,,,,81825433.0,81825735.0,blast,81827431,im,3,06KK,im_log_game_4,16,13
2100832.0,2109148.0,1160.9,882.2,fixation,,,,,81825757.0,81834073.0,blast,81827431,im,3,06KK,im_log_game_4,16,13
2100812.0,2100830.0,,,saccade,1133.7,839.7,1156.3,896.3,81825737.0,81825755.0,blast,81827431,im,3,06KK,im_log_game_4,16,13
2113708.0,2117462.0,670.5,367.5,fixation,,,,,81838633.0,81842387.0,holiday_home,81841750,im,3,06KK,im_log_game_4,4,14
2143006.0,2145938.0,1226.8,634.4,fixation,,,,,81867931.0,81870863.0,holiday_home,81870351,im,3,06KK,im_log_game_4,18,15
2178786.0,2178932.0,1208.6,284.4,fixation,,,,,81903711.0,81903857.0,blast,81905711,im,3,06KK,im_log_game_4,19,16
2178990.0,2184354.0,1245.0,249.9,fixation,,,,,81903915.0,81909279.0,blast,81905711,im,3,06KK,im_log_game_4,19,16
2178934.0,2178988.0,,,saccade,1203.7,283.4,1227.4,241.9,81903859.0,81903913.0,blast,81905711,im,3,06KK,im_log_game_4,19,16
2197184.0,2197360.0,905.0,664.7,fixation,,,,,81922109.0,81922285.0,blast,81924070,im,3,06KK,im_log_game_4,11,17
2197402.0,2197762.0,947.8,633.5,fixation,,,,,81922327.0,81922687.0,blast,81924070,im,3,06KK,im_log_game_4,11,17
2197802.0,2204514.0,1003.1,603.6,fixation,,,,,81922727.0,81929439.0,blast,81924070,im,3,06KK,im_log_game_4,11,17
2197140.0,2197182.0,,,saccade,995.8,465.2,914.6,652.6,81922065.0,81922107.0,blast,81924070,im,3,06KK,im_log_game_4,11,17
2197362.0,2197400.0,,,saccade,907.7,663.7,939.3,636.1,81922287.0,81922325.0,blast,81924070,im,3,06KK,im_log_game_4,11,17
2197764.0,2197800.0,,,saccade,949.2,629.0,1009.3,591.3,81922689.0,81922725.0,blast,81924070,im,3,06KK,im_log_game_4,11,17
2214160.0,2220912.0,578.9,893.4,fixation,,,,,81939085.0,81945837.0,blast,81941071,im,3,06KK,im_log_game_4,1,18
2214118.0,2214158.0,,,saccade,503.6,933.6,583.3,903.5,81939043.0,81939083.0,blast,81941071,im,3,06KK,im_log_game_4,1,18
2230632.0,2233256.0,587.8,653.1,fixation,,,,,81955557.0,81958181.0,blast,81957511,im,3,06KK,im_log_game_4,3,19
2230560.0,2230630.0,,,saccade,532.4,701.3,585.6,665.8,81955485.0,81955555.0,blast,81957511,im,3,06KK,im_log_game_4,3,19
2245430.0,2245618.0,1035.3,179.1,fixation,,,,,81970355.0,81970543.0,blast,81972310,im,3,06KK,im_log_game_4,13,20
2245636.0,2249140.0,1022.6,171.7,fixation,,,,,81970561.0,81974065.0,blast,81972310,im,3,06KK,im_log_game_4,13,20
2245226.0,2245428.0,,,saccade,864.9,985.8,1028.6,193.5,81970151.0,81970353.0,blast,81972310,im,3,06KK,im_log_game_4,13,20
2245620.0,2245634.0,,,saccade,1032.7,162.3,1007.8,174.2,81970545.0,81970559.0,blast,81972310,im,3,06KK,im_log_game_4,13,20
758086.0,760700.0,858.5,636.2,fixation,,,,,75740908.0,75743522.0,holiday_home,75742909,qm,1,06KK,qm_log_game_1,7,1
787538.0,788184.0,687.4,191.8,fixation,,,,,75770360.0,75771006.0,holiday_home,75772949,qm,1,06KK,qm_log_game_1,3,2
788202.0,791826.0,686.1,181.6,fixation,,,,,75771024.0,75774648.0,holiday_home,75772949,qm,1,06KK,qm_log_game_1,3,2
788186.0,788200.0,,,saccade,686.0,178.9,706.5,171.8,75771008.0,75771022.0,holiday_home,75772949,qm,1,06KK,qm_log_game_1,3,2
865848.0,866112.0,587.4,569.4,fixation,,,,,75848670.0,75848934.0,blast,75850669,qm,1,06KK,qm_log_game_1,0,3
866138.0,875374.0,626.1,577.7,fixation,,,,,75848960.0,75858196.0,blast,75850669,qm,1,06KK,qm_log_game_1,0,3
866114.0,866136.0,,,saccade,591.6,571.0,623.1,600.8,75848936.0,75848958.0,blast,75850669,qm,1,06KK,qm_log_game_1,0,3
880806.0,881196.0,891.7,648.2,fixation,,,,,75863628.0,75864018.0,blast,75865589,qm,1,06KK,qm_log_game_1,7,4
881210.0,881664.0,856.3,639.2,fixation,,,,,75864032.0,75864486.0,blast,75865589,qm,1,06KK,qm_log_game_1,7,4
881696.0,882444.0,908.6,631.9,fixation,,,,,75864518.0,75865266.0,blast,75865589,qm,1,06KK,qm_log_game_1,7,4
882466.0,893374.0,860.3,621.2,fixation,,,,,75865288.0,75876196.0,blast,75865589,qm,1,06KK,qm_log_game_1,7,4
880742.0,880804.0,,,saccade,1069.5,452.8,895.3,647.8,75863564.0,75863626.0,blast,75865589,qm,1,06KK,qm_log_game_1,7,4
881198.0,881208.0,,,saccade,880.6,636.4,857.2,638.1,75864020.0,75864030.0,blast,75865589,qm,1,06KK,qm_log_game_1,7,4
881666.0,881694.0,,,saccade,851.0,633.1,906.9,637.4,75864488.0,75864516.0,blast,75865589,qm,1,06KK,qm_log_game_1,7,4
882446.0,882464.0,,,saccade,911.1,640.2,878.3,654.5,75865268.0,75865286.0,blast,75865589,qm,1,06KK,qm_log_game_1,7,4
902108.0,902390.0,1045.4,455.1,fixation,,,,,75884930.0,75885212.0,blast,75886909,qm,1,06KK,qm_log_game_1,13,5
902414.0,909736.0,1075.0,446.3,fixation,,,,,75885236.0,75892558.0,blast,75886909,qm,1,06KK,qm_log_game_1,13,5
902044.0,902106.0,,,saccade,1180.1,842.7,1043.5,454.9,75884866.0,75884928.0,blast,75886909,qm,1,06KK,qm_log_game_1,13,5
902392.0,902412.0,,,saccade,1033.5,462.8,1077.2,454.7,75885214.0,75885234.0,blast,75886909,qm,1,06KK,qm_log_game_1,13,5
920156.0,920250.0,1137.5,892.6,fixation,,,,,75902978.0,75903072.0,blast,75904949,qm,1,06KK,qm_log_game_1,14,6
920280.0,920402.0,1142.6,849.6,fixation,,,,,75903102.0,75903224.0,blast,75904949,qm,1,06KK,qm_log_game_1,14,6
920430.0,926650.0,1168.2,819.4,fixation,,,,,75903252.0,75909472.0,blast,75904949,qm,1,06KK,qm_log_game_1,14,6
920096.0,920154.0,,,saccade,1242.2,199.5,1147.4,882.0,75902918.0,75902976.0,blast,75904949,qm,1,06KK,qm_log_game_1,14,6
920252.0,920278.0,,,saccade,1139.8,889.4,1146.7,853.0,75903074.0,75903100.0,blast,75904949,qm,1,06KK,qm_log_game_1,14,6
920404.0,920428.0,,,saccade,1143.1,852.8,1180.5,817.0,75903226.0,75903250.0,blast,75904949,qm,1,06KK,qm_log_game_1,14,6
934996.0,935250.0,691.6,836.5,fixation,,,,,75917818.0,75918072.0,blast,75919829,qm,1,06KK,qm_log_game_1,4,7
935276.0,941498.0,712.7,782.6,fixation,,,,,75918098.0,75924320.0,blast,75919829,qm,1,06KK,qm_log_game_1,4,7
935252.0,935274.0,,,saccade,681.3,839.2,705.4,804.3,75918074.0,75918096.0,blast,75919829,qm,1,06KK,qm_log_game_1,4,7
949832.0,950034.0,951.0,907.9,fixation,,,,,75932654.0,75932856.0,blast,75934629,qm,1,06KK,qm_log_game_1,10,8
950042.0,950308.0,971.1,891.4,fixation,,,,,75932864.0,75933130.0,blast,75934629,qm,1,06KK,qm_log_game_1,10,8
950320.0,955244.0,960.3,880.1,fixation,,,,,75933142.0,75938066.0,blast,75934629,qm,1,06KK,qm_log_game_1,10,8
949776.0,949830.0,,,saccade,678.5,784.9,951.8,914.5,75932598.0,75932652.0,blast,75934629,qm,1,06KK,qm_log_game_1,10,8
950036.0,950040.0,,,saccade,953.0,907.6,960.9,906.1,75932858.0,75932862.0,blast,75934629,qm,1,06KK,qm_log_game_1,10,8
950310.0,950318.0,,,saccade,969.4,887.8,956.7,882.9,75933132.0,75933140.0,blast,75934629,qm,1,06KK,qm_log_game_1,10,8
965834.0,966092.0,1216.5,376.2,fixation,,,,,75948656.0,75948914.0,holiday_home,75950629,qm,1,06KK,qm_log_game_1,16,9
966132.0,966644.0,1253.7,418.1,fixation,,,,,75948954.0,75949466.0,holiday_home,75950629,qm,1,06KK,qm_log_game_1,16,9
966666.0,968300.0,1271.5,438.0,fixation,,,,,75949488.0,75951122.0,holiday_home,75950629,qm,1,06KK,qm_log_game_1,16,9
965770.0,965832.0,,,saccade,956.1,809.8,1219.4,381.7,75948592.0,75948654.0,holiday_home,75950629,qm,1,06KK,qm_log_game_1,16,9
966094.0,966130.0,,,saccade,1216.6,367.2,1251.4,413.7,75948916.0,75948952.0,holiday_home,75950629,qm,1,06KK,qm_log_game_1,16,9
966646.0,966664.0,,,saccade,1242.1,419.1,1263.6,449.5,75949468.0,75949486.0,holiday_home,75950629,qm,1,06KK,qm_log_game_1,16,9
991632.0,991768.0,891.6,276.1,fixation,,,,,75974454.0,75974590.0,blast,75976509,qm,1,06KK,qm_log_game_1,9,10
991784.0,992688.0,935.2,225.7,fixation,,,,,75974606.0,75975510.0,blast,75976509,qm,1,06KK,qm_log_game_1,9,10
992696.0,995300.0,944.6,207.6,fixation,,,,,75975518.0,75978122.0,blast,75976509,qm,1,06KK,qm_log_game_1,9,10
991770.0,991782.0,,,saccade,899.4,269.8,915.9,247.1,75974592.0,75974604.0,blast,75976509,qm,1,06KK,qm_log_game_1,9,10
992690.0,992694.0,,,saccade,946.8,218.9,946.8,210.8,75975512.0,75975516.0,blast,75976509,qm,1,06KK,qm_log_game_1,9,10
1004596.0,1009232.0,1237.9,128.4,fixation,,,,,75987418.0,75992054.0,blast,75989589,qm,1,06KK,qm_log_game_1,15,11
1035934.0,1036180.0,1056.8,389.7,fixation,,,,,76018756.0,76019002.0,blast,76020709,qm,1,06KK,qm_log_game_1,12,12
1036198.0,1039596.0,1088.4,395.0,fixation,,,,,76019020.0,76022418.0,blast,76020709,qm,1,06KK,qm_log_game_1,12,12
1035872.0,1035932.0,,,saccade,895.4,534.6,1064.1,386.3,76018694.0,76018754.0,blast,76020709,qm,1,06KK,qm_log_game_1,12,12
1036182.0,1036196.0,,,saccade,1065.3,388.8,1093.5,397.1,76019004.0,76019018.0,blast,76020709,qm,1,06KK,qm_log_game_1,12,12
1053546.0,1053730.0,891.0,606.3,fixation,,,,,76036368.0,76036552.0,blast,76038349,qm,1,06KK,qm_log_game_1,8,13
1053756.0,1054458.0,913.3,537.3,fixation,,,,,76036578.0,76037280.0,blast,76038349,qm,1,06KK,qm_log_game_1,8,13
1054468.0,1056948.0,910.4,543.6,fixation,,,,,76037290.0,76039770.0,blast,76038349,qm,1,06KK,qm_log_game_1,8,13
1053468.0,1053544.0,,,saccade,1363.8,886.2,880.8,601.9,76036290.0,76036366.0,blast,76038349,qm,1,06KK,qm_log_game_1,8,13
1053732.0,1053754.0,,,saccade,888.4,595.7,909.9,545.8,76036554.0,76036576.0,blast,76038349,qm,1,06KK,qm_log_game_1,8,13
1054460.0,1054466.0,,,saccade,909.1,530.8,902.9,539.3,76037282.0,76037288.0,blast,76038349,qm,1,06KK,qm_log_game_1,8,13
1072224.0,1072452.0,629.0,692.5,fixation,,,,,76055046.0,76055274.0,holiday_home,76057029,qm,1,06KK,qm_log_game_1,1,14
1072464.0,1073078.0,636.7,716.4,fixation,,,,,76055286.0,76055900.0,holiday_home,76057029,qm,1,06KK,qm_log_game_1,1,14
1073098.0,1074128.0,638.4,721.3,fixation,,,,,76055920.0,76056950.0,holiday_home,76057029,qm,1,06KK,qm_log_game_1,1,14
1074136.0,1075256.0,642.1,721.4,fixation,,,,,76056958.0,76058078.0,holiday_home,76057029,qm,1,06KK,qm_log_game_1,1,14
1072172.0,1072222.0,,,saccade,616.5,484.1,630.3,695.5,76054994.0,76055044.0,holiday_home,76057029,qm,1,06KK,qm_log_game_1,1,14
1072454.0,1072462.0,,,saccade,620.3,703.3,629.1,713.0,76055276.0,76055284.0,holiday_home,76057029,qm,1,06KK,qm_log_game_1,1,14
1073080.0,1073096.0,,,saccade,633.2,721.8,611.9,733.5,76055902.0,76055918.0,holiday_home,76057029,qm,1,06KK,qm_log_game_1,1,14
1074130.0,1074134.0,,,saccade,649.2,720.9,640.9,722.3,76056952.0,76056956.0,holiday_home,76057029,qm,1,06KK,qm_log_game_1,1,14
1111536.0,1111738.0,1280.6,639.7,fixation,,,,,76094358.0,76094560.0,blast,76096348,qm,1,06KK,qm_log_game_1,18,15
1111774.0,1114152.0,1289.8,690.3,fixation,,,,,76094596.0,76096974.0,blast,76096348,qm,1,06KK,qm_log_game_1,18,15
1111482.0,1111534.0,,,saccade,1349.9,941.9,1277.5,643.9,76094304.0,76094356.0,blast,76096348,qm,1,06KK,qm_log_game_1,18,15
1111740.0,1111772.0,,,saccade,1279.4,644.6,1310.6,679.8,76094562.0,76094594.0,blast,76096348,qm,1,06KK,qm_log_game_1,18,15
1132144.0,1132364.0,980.7,712.9,fixation,,,,,76114966.0,76115186.0,blast,76116988,qm,1,06KK,qm_log_game_1,11,16
1132408.0,1132770.0,1006.8,819.9,fixation,,,,,76115230.0,76115592.0,blast,76116988,qm,1,06KK,qm_log_game_1,11,16
1132850.0,1140696.0,1070.2,793.0,fixation,,,,,76115672.0,76123518.0,blast,76116988,qm,1,06KK,qm_log_game_1,11,16
1132366.0,1132406.0,,,saccade,1027.4,720.0,983.4,778.5,76115188.0,76115228.0,blast,76116988,qm,1,06KK,qm_log_game_1,11,16
1132772.0,1132848.0,,,saccade,1018.4,838.2,1042.3,815.7,76115594.0,76115670.0,blast,76116988,qm,1,06KK,qm_log_game_1,11,16
1147696.0,1147772.0,837.6,256.5,fixation,,,,,76130518.0,76130594.0,blast,76132509,qm,1,06KK,qm_log_game_1,5,17
1147790.0,1149032.0,794.5,213.6,fixation,,,,,76130612.0,76131854.0,blast,76132509,qm,1,06KK,qm_log_game_1,5,17
1149040.0,1152096.0,780.2,207.8,fixation,,,,,76131862.0,76134918.0,blast,76132509,qm,1,06KK,qm_log_game_1,5,17
1147608.0,1147694.0,,,saccade,1305.9,310.8,854.2,255.8,76130430.0,76130516.0,blast,76132509,qm,1,06KK,qm_log_game_1,5,17
1147774.0,1147788.0,,,saccade,840.2,257.4,813.3,250.1,76130596.0,76130610.0,blast,76132509,qm,1,06KK,qm_log_game_1,5,17
1149034.0,1149038.0,,,saccade,797.1,205.0,790.8,209.2,76131856.0,76131860.0,blast,76132509,qm,1,06KK,qm_log_game_1,5,17
1166238.0,1166390.0,683.9,575.7,fixation,,,,,76149060.0,76149212.0,blast,76151068,qm,1,06KK,qm_log_game_1,2,18
1166430.0,1166906.0,668.1,543.5,fixation,,,,,76149252.0,76149728.0,blast,76151068,qm,1,06KK,qm_log_game_1,2,18
1166922.0,1167786.0,644.8,538.4,fixation,,,,,76149744.0,76150608.0,blast,76151068,qm,1,06KK,qm_log_game_1,2,18
1167812.0,1173938.0,645.2,508.4,fixation,,,,,76150634.0,76156760.0,blast,76151068,qm,1,06KK,qm_log_game_1,2,18
1166392.0,1166428.0,,,saccade,708.1,586.2,673.7,561.3,76149214.0,76149250.0,blast,76151068,qm,1,06KK,qm_log_game_1,2,18
1166908.0,1166920.0,,,saccade,665.0,539.8,649.2,551.2,76149730.0,76149742.0,blast,76151068,qm,1,06KK,qm_log_game_1,2,18
1167788.0,1167810.0,,,saccade,634.6,539.5,654.3,565.5,76150610.0,76150632.0,blast,76151068,qm,1,06KK,qm_log_game_1,2,18
1182212.0,1182458.0,1387.1,798.8,fixation,,,,,76165034.0,76165280.0,holiday_home,76166908,qm,1,06KK,qm_log_game_1,19,19
1182478.0,1183150.0,1371.7,788.3,fixation,,,,,76165300.0,76165972.0,holiday_home,76166908,qm,1,06KK,qm_log_game_1,19,19
1183168.0,1183300.0,1358.8,767.7,fixation,,,,,76165990.0,76166122.0,holiday_home,76166908,qm,1,06KK,qm_log_game_1,19,19
1183308.0,1183492.0,1355.8,764.9,fixation,,,,,76166130.0,76166314.0,holiday_home,76166908,qm,1,06KK,qm_log_game_1,19,19
1183534.0,1184446.0,1379.6,766.7,fixation,,,,,76166356.0,76167268.0,holiday_home,76166908,qm,1,06KK,qm_log_game_1,19,19
1182052.0,1182210.0,,,saccade,1342.3,474.4,1382.3,795.5,76164874.0,76165032.0,holiday_home,76166908,qm,1,06KK,qm_log_game_1,19,19
1182460.0,1182476.0,,,saccade,1384.4,789.2,1383.2,796.7,76165282.0,76165298.0,holiday_home,76166908,qm,1,06KK,qm_log_game_1,19,19
1183152.0,1183166.0,,,saccade,1358.6,773.9,1360.9,777.7,76165974.0,76165988.0,holiday_home,76166908,qm,1,06KK,qm_log_game_1,19,19
1183302.0,1183306.0,,,saccade,1359.0,772.6,1358.5,772.8,76166124.0,76166128.0,holiday_home,76166908,qm,1,06KK,qm_log_game_1,19,19
1183494.0,1183532.0,,,saccade,1351.9,766.2,1372.6,769.5,76166316.0,76166354.0,holiday_home,76166908,qm,1,06KK,qm_log_game_1,19,19
1224928.0,1225402.0,1283.8,274.8,fixation,,,,,76207750.0,76208224.0,holiday_home,76209708,qm,1,06KK,qm_log_game_1,17,20
1225422.0,1226640.0,1296.8,291.6,fixation,,,,,76208244.0,76209462.0,holiday_home,76209708,qm,1,06KK,qm_log_game_1,17,20
1226666.0,1228396.0,1296.2,236.4,fixation,,,,,76209488.0,76211218.0,holiday_home,76209708,qm,1,06KK,qm_log_game_1,17,20
1224748.0,1224926.0,,,saccade,1300.2,332.8,1272.2,220.5,76207570.0,76207748.0,holiday_home,76209708,qm,1,06KK,qm_log_game_1,17,20
1225404.0,1225420.0,,,saccade,1291.1,276.6,1254.1,304.0,76208226.0,76208242.0,holiday_home,76209708,qm,1,06KK,qm_log_game_1,17,20
1226642.0,1226664.0,,,saccade,1317.0,277.6,1307.7,278.1,76209464.0,76209486.0,holiday_home,76209708,qm,1,06KK,qm_log_game_1,17,20
1258744.0,1259034.0,798.2,901.0,fixation,,,,,76241566.0,76241856.0,blast,76243508,qm,1,06KK,qm_log_game_1,6,21
1259066.0,1260204.0,785.3,857.0,fixation,,,,,76241888.0,76243026.0,blast,76243508,qm,1,06KK,qm_log_game_1,6,21
1260212.0,1262690.0,798.0,815.7,fixation,,,,,76243034.0,76245512.0,blast,76243508,qm,1,06KK,qm_log_game_1,6,21
1258672.0,1258742.0,,,saccade,1239.3,799.0,792.2,903.0,76241494.0,76241564.0,blast,76243508,qm,1,06KK,qm_log_game_1,6,21
1259036.0,1259064.0,,,saccade,797.7,897.4,797.1,878.8,76241858.0,76241886.0,blast,76243508,qm,1,06KK,qm_log_game_1,6,21
1260206.0,1260210.0,,,saccade,809.9,855.7,809.6,855.7,76243028.0,76243032.0,blast,76243508,qm,1,06KK,qm_log_game_1,6,21
1905598.0,1905982.0,939.1,511.7,fixation,,,,,76888418.0,76888802.0,holiday_home,76890396,qm,2,06KK,qm_log_game_2,9,1
1906018.0,1908110.0,955.7,523.3,fixation,,,,,76888838.0,76890930.0,holiday_home,76890396,qm,2,06KK,qm_log_game_2,9,1
1905546.0,1905596.0,,,saccade,774.6,499.8,931.8,516.6,76888366.0,76888416.0,holiday_home,76890396,qm,2,06KK,qm_log_game_2,9,1
1905984.0,1906016.0,,,saccade,948.3,512.1,966.2,525.0,76888804.0,76888836.0,holiday_home,76890396,qm,2,06KK,qm_log_game_2,9,1
1947684.0,1947786.0,1057.3,746.1,fixation,,,,,76930504.0,76930606.0,blast,76932476,qm,2,06KK,qm_log_game_2,13,2
1947848.0,1954442.0,1056.4,734.8,fixation,,,,,76930668.0,76937262.0,blast,76932476,qm,2,06KK,qm_log_game_2,13,2
1947658.0,1947682.0,,,saccade,930.7,761.3,1055.5,746.6,76930478.0,76930502.0,blast,76932476,qm,2,06KK,qm_log_game_2,13,2
1947788.0,1947846.0,,,saccade,1059.9,750.6,1050.3,738.5,76930608.0,76930666.0,blast,76932476,qm,2,06KK,qm_log_game_2,13,2
1963296.0,1976032.0,1019.7,147.1,fixation,,,,,76946116.0,76958852.0,holiday_home,76948076,qm,2,06KK,qm_log_game_2,11,3
1963242.0,1963294.0,,,saccade,670.2,195.7,1024.2,175.3,76946062.0,76946114.0,holiday_home,76948076,qm,2,06KK,qm_log_game_2,11,3
1987586.0,1987726.0,1237.6,797.3,fixation,,,,,76970406.0,76970546.0,blast,76972356,qm,2,06KK,qm_log_game_2,17,4
1987778.0,1992106.0,1270.7,785.7,fixation,,,,,76970598.0,76974926.0,blast,76972356,qm,2,06KK,qm_log_game_2,17,4
1987510.0,1987584.0,,,saccade,582.4,815.7,1246.9,805.3,76970330.0,76970404.0,blast,76972356,qm,2,06KK,qm_log_game_2,17,4
1987728.0,1987776.0,,,saccade,1239.1,798.4,1276.1,791.4,76970548.0,76970596.0,blast,76972356,qm,2,06KK,qm_log_game_2,17,4
2002664.0,2002848.0,682.6,541.6,fixation,,,,,76985484.0,76985668.0,blast,76987476,qm,2,06KK,qm_log_game_2,4,5
2002870.0,2014576.0,702.2,528.1,fixation,,,,,76985690.0,76997396.0,blast,76987476,qm,2,06KK,qm_log_game_2,4,5
2002612.0,2002662.0,,,saccade,803.7,801.2,686.0,543.4,76985432.0,76985482.0,blast,76987476,qm,2,06KK,qm_log_game_2,4,5
2002850.0,2002868.0,,,saccade,676.6,550.5,713.1,517.4,76985670.0,76985688.0,blast,76987476,qm,2,06KK,qm_log_game_2,4,5
2015848.0,2029428.0,797.5,811.8,fixation,,,,,76998668.0,77012248.0,blast,77000636,qm,2,06KK,qm_log_game_2,6,6
2015800.0,2015846.0,,,saccade,576.1,853.0,768.7,834.7,76998620.0,76998666.0,blast,77000636,qm,2,06KK,qm_log_game_2,6,6
2033600.0,2033798.0,665.5,239.4,fixation,,,,,77016420.0,77016618.0,blast,77018396,qm,2,06KK,qm_log_game_2,3,7
2033818.0,2034928.0,682.4,207.0,fixation,,,,,77016638.0,77017748.0,blast,77018396,qm,2,06KK,qm_log_game_2,3,7
2034948.0,2035070.0,661.9,149.8,fixation,,,,,77017768.0,77017890.0,blast,77018396,qm,2,06KK,qm_log_game_2,3,7
2035150.0,2046752.0,679.3,154.2,fixation,,,,,77017970.0,77029572.0,blast,77018396,qm,2,06KK,qm_log_game_2,3,7
2033574.0,2033598.0,,,saccade,636.1,320.6,662.8,248.5,77016394.0,77016418.0,blast,77018396,qm,2,06KK,qm_log_game_2,3,7
2033800.0,2033816.0,,,saccade,659.0,245.6,674.2,215.1,77016620.0,77016636.0,blast,77018396,qm,2,06KK,qm_log_game_2,3,7
2034930.0,2034946.0,,,saccade,662.0,163.9,665.0,163.4,77017750.0,77017766.0,blast,77018396,qm,2,06KK,qm_log_game_2,3,7
2035072.0,2035148.0,,,saccade,664.4,146.7,672.2,165.2,77017892.0,77017968.0,blast,77018396,qm,2,06KK,qm_log_game_2,3,7
2047374.0,2047560.0,576.9,819.2,fixation,,,,,77030194.0,77030380.0,blast,77032156,qm,2,06KK,qm_log_game_2,0,8
2047590.0,2048300.0,585.2,771.0,fixation,,,,,77030410.0,77031120.0,blast,77032156,qm,2,06KK,qm_log_game_2,0,8
2048326.0,2055934.0,579.4,786.2,fixation,,,,,77031146.0,77038754.0,blast,77032156,qm,2,06KK,qm_log_game_2,0,8
2047308.0,2047372.0,,,saccade,660.0,171.1,580.6,801.4,77030128.0,77030192.0,blast,77032156,qm,2,06KK,qm_log_game_2,0,8
2047562.0,2047588.0,,,saccade,571.6,809.3,575.2,769.3,77030382.0,77030408.0,blast,77032156,qm,2,06KK,qm_log_game_2,0,8
2048302.0,2048324.0,,,saccade,591.2,774.3,572.3,794.8,77031122.0,77031144.0,blast,77032156,qm,2,06KK,qm_log_game_2,0,8
2062880.0,2070920.0,1216.4,346.3,fixation,,,,,77045700.0,77053740.0,blast,77047676,qm,2,06KK,qm_log_game_2,15,9
2062824.0,2062878.0,,,saccade,857.4,329.3,1190.7,359.3,77045644.0,77045698.0,blast,77047676,qm,2,06KK,qm_log_game_2,15,9
2078904.0,2079106.0,850.7,345.9,fixation,,,,,77061724.0,77061926.0,blast,77063676,qm,2,06KK,qm_log_game_2,8,10
2079128.0,2089338.0,850.3,327.0,fixation,,,,,77061948.0,77072158.0,blast,77063676,qm,2,06KK,qm_log_game_2,8,10
2078824.0,2078902.0,,,saccade,1261.7,171.7,851.1,355.1,77061644.0,77061722.0,blast,77063676,qm,2,06KK,qm_log_game_2,8,10
2079108.0,2079126.0,,,saccade,850.6,344.8,820.2,317.5,77061928.0,77061946.0,blast,77063676,qm,2,06KK,qm_log_game_2,8,10
2096910.0,2097508.0,863.6,514.7,fixation,,,,,77079730.0,77080328.0,holiday_home,77081916,qm,2,06KK,qm_log_game_2,7,11
2097534.0,2099618.0,823.7,535.4,fixation,,,,,77080354.0,77082438.0,holiday_home,77081916,qm,2,06KK,qm_log_game_2,7,11
2097510.0,2097532.0,,,saccade,862.2,514.3,822.3,557.2,77080330.0,77080352.0,holiday_home,77081916,qm,2,06KK,qm_log_game_2,7,11
2108914.0,2109064.0,612.5,594.3,fixation,,,,,77091734.0,77091884.0,blast,77093676,qm,2,06KK,qm_log_game_2,2,12
2109098.0,2115492.0,659.8,592.7,fixation,,,,,77091918.0,77098312.0,blast,77093676,qm,2,06KK,qm_log_game_2,2,12
2108848.0,2108912.0,,,saccade,609.2,296.4,613.8,598.8,77091668.0,77091732.0,blast,77093676,qm,2,06KK,qm_log_game_2,2,12
2109066.0,2109096.0,,,saccade,604.6,594.7,652.8,574.5,77091886.0,77091916.0,blast,77093676,qm,2,06KK,qm_log_game_2,2,12
2123974.0,2124222.0,1329.4,858.9,fixation,,,,,77106794.0,77107042.0,holiday_home,77108756,qm,2,06KK,qm_log_game_2,18,13
2124246.0,2125208.0,1338.9,819.8,fixation,,,,,77107066.0,77108028.0,holiday_home,77108756,qm,2,06KK,qm_log_game_2,18,13
2125224.0,2126510.0,1333.0,816.4,fixation,,,,,77108044.0,77109330.0,holiday_home,77108756,qm,2,06KK,qm_log_game_2,18,13
2123922.0,2123972.0,,,saccade,1056.4,945.0,1311.3,854.2,77106742.0,77106792.0,holiday_home,77108756,qm,2,06KK,qm_log_game_2,18,13
2124224.0,2124244.0,,,saccade,1332.4,857.5,1349.5,815.9,77107044.0,77107064.0,holiday_home,77108756,qm,2,06KK,qm_log_game_2,18,13
2125210.0,2125222.0,,,saccade,1344.8,825.2,1340.3,813.2,77108030.0,77108042.0,holiday_home,77108756,qm,2,06KK,qm_log_game_2,18,13
2149794.0,2150128.0,1085.9,180.2,fixation,,,,,77132614.0,77132948.0,blast,77134596,qm,2,06KK,qm_log_game_2,12,14
2150142.0,2157652.0,1083.5,178.2,fixation,,,,,77132962.0,77140472.0,blast,77134596,qm,2,06KK,qm_log_game_2,12,14
2149746.0,2149792.0,,,saccade,903.0,565.2,1081.7,200.7,77132566.0,77132612.0,blast,77134596,qm,2,06KK,qm_log_game_2,12,14
2150130.0,2150140.0,,,saccade,1085.7,182.2,1067.2,174.8,77132950.0,77132960.0,blast,77134596,qm,2,06KK,qm_log_game_2,12,14
2165288.0,2165518.0,1104.1,953.5,fixation,,,,,77148108.0,77148338.0,blast,77150076,qm,2,06KK,qm_log_game_2,10,15
2165554.0,2172452.0,1071.4,926.8,fixation,,,,,77148374.0,77155272.0,blast,77150076,qm,2,06KK,qm_log_game_2,10,15
2165230.0,2165286.0,,,saccade,811.5,956.0,1098.1,939.5,77148050.0,77148106.0,blast,77150076,qm,2,06KK,qm_log_game_2,10,15
2165520.0,2165552.0,,,saccade,1102.2,943.7,1077.2,948.8,77148340.0,77148372.0,blast,77150076,qm,2,06KK,qm_log_game_2,10,15
2183280.0,2196394.0,812.9,965.9,fixation,,,,,77166100.0,77179214.0,blast,77168716,qm,2,06KK,qm_log_game_2,5,16
2199462.0,2199662.0,598.9,241.5,fixation,,,,,77182282.0,77182482.0,holiday_home,77184236,qm,2,06KK,qm_log_game_2,1,17
2199684.0,2202140.0,627.7,270.5,fixation,,,,,77182504.0,77184960.0,holiday_home,77184236,qm,2,06KK,qm_log_game_2,1,17
2199376.0,2199460.0,,,saccade,1415.6,322.4,587.8,240.6,77182196.0,77182280.0,holiday_home,77184236,qm,2,06KK,qm_log_game_2,1,17
2199664.0,2199682.0,,,saccade,604.5,236.5,630.0,255.3,77182484.0,77182502.0,holiday_home,77184236,qm,2,06KK,qm_log_game_2,1,17
2230318.0,2233518.0,911.3,552.8,fixation,,,,,77213138.0,77216338.0,holiday_home,77215116,qm,2,06KK,qm_log_game_2,7,18
2230278.0,2230316.0,,,saccade,1128.3,437.1,925.5,556.6,77213098.0,77213136.0,holiday_home,77215116,qm,2,06KK,qm_log_game_2,7,18
2257906.0,2262902.0,1134.4,402.2,fixation,,,,,77240726.0,77245722.0,blast,77242716,qm,2,06KK,qm_log_game_2,14,19
2257848.0,2257904.0,,,saccade,1421.3,322.3,1146.0,405.0,77240668.0,77240724.0,blast,77242716,qm,2,06KK,qm_log_game_2,14,19
2274504.0,2277814.0,1440.6,321.5,fixation,,,,,77257324.0,77260634.0,blast,77262155,qm,2,06KK,qm_log_game_2,19,20
2277832.0,2280274.0,1421.0,332.3,fixation,,,,,77260652.0,77263094.0,blast,77262155,qm,2,06KK,qm_log_game_2,19,20
2277816.0,2277830.0,,,saccade,1436.9,322.5,1420.4,332.9,77260636.0,77260650.0,blast,77262155,qm,2,06KK,qm_log_game_2,19,20
2291704.0,2291862.0,1266.8,600.2,fixation,,,,,77274524.0,77274682.0,blast,77276517,qm,2,06KK,qm_log_game_2,16,21
2291908.0,2292758.0,1291.8,598.5,fixation,,,,,77274728.0,77275578.0,blast,77276517,qm,2,06KK,qm_log_game_2,16,21
2292780.0,2297374.0,1286.2,583.0,fixation,,,,,77275600.0,77280194.0,blast,77276517,qm,2,06KK,qm_log_game_2,16,21
2291668.0,2291702.0,,,saccade,1090.4,542.0,1244.3,588.9,77274488.0,77274522.0,blast,77276517,qm,2,06KK,qm_log_game_2,16,21
2291864.0,2291906.0,,,saccade,1267.6,604.7,1297.5,598.5,77274684.0,77274726.0,blast,77276517,qm,2,06KK,qm_log_game_2,16,21
2292760.0,2292778.0,,,saccade,1293.5,585.2,1294.0,590.7,77275580.0,77275598.0,blast,77276517,qm,2,06KK,qm_log_game_2,16,21
2505818.0,2506030.0,944.6,404.1,fixation,,,,,77488636.0,77488848.0,blast,77490579,qm,3,06KK,qm_log_game_3,10,1
2506048.0,2518622.0,949.8,375.6,fixation,,,,,77488866.0,77501440.0,blast,77490579,qm,3,06KK,qm_log_game_3,10,1
2505744.0,2505816.0,,,saccade,1138.5,538.4,942.6,402.5,77488562.0,77488634.0,blast,77490579,qm,3,06KK,qm_log_game_3,10,1
2506032.0,2506046.0,,,saccade,940.4,404.2,962.2,391.5,77488850.0,77488864.0,blast,77490579,qm,3,06KK,qm_log_game_3,10,1
2520492.0,2528202.0,1109.9,210.2,fixation,,,,,77503310.0,77511020.0,blast,77505298,qm,3,06KK,qm_log_game_3,14,2
2520460.0,2520490.0,,,saccade,1032.1,268.5,1109.5,253.1,77503278.0,77503308.0,blast,77505298,qm,3,06KK,qm_log_game_3,14,2
2536504.0,2536668.0,605.6,313.8,fixation,,,,,77519322.0,77519486.0,blast,77521299,qm,3,06KK,qm_log_game_3,1,3
2536686.0,2544896.0,602.4,333.2,fixation,,,,,77519504.0,77527714.0,blast,77521299,qm,3,06KK,qm_log_game_3,1,3
2536446.0,2536502.0,,,saccade,680.1,550.8,606.8,317.2,77519264.0,77519320.0,blast,77521299,qm,3,06KK,qm_log_game_3,1,3
2536670.0,2536684.0,,,saccade,603.2,321.2,604.9,339.5,77519488.0,77519502.0,blast,77521299,qm,3,06KK,qm_log_game_3,1,3
2551180.0,2551396.0,1066.0,882.4,fixation,,,,,77533998.0,77534214.0,blast,77535938,qm,3,06KK,qm_log_game_3,13,4
2551420.0,2562636.0,1093.6,801.5,fixation,,,,,77534238.0,77545454.0,blast,77535938,qm,3,06KK,qm_log_game_3,13,4
2551110.0,2551178.0,,,saccade,1226.0,637.6,1075.4,890.3,77533928.0,77533996.0,blast,77535938,qm,3,06KK,qm_log_game_3,13,4
2551398.0,2551418.0,,,saccade,1070.0,891.8,1084.4,838.2,77534216.0,77534236.0,blast,77535938,qm,3,06KK,qm_log_game_3,13,4
2565616.0,2565714.0,669.8,1020.3,fixation,,,,,77548434.0,77548532.0,blast,77550418,qm,3,06KK,qm_log_game_3,3,5
2565748.0,2565914.0,669.2,981.5,fixation,,,,,77548566.0,77548732.0,blast,77550418,qm,3,06KK,qm_log_game_3,3,5
2565926.0,2577246.0,690.1,954.2,fixation,,,,,77548744.0,77560064.0,blast,77550418,qm,3,06KK,qm_log_game_3,3,5
2565568.0,2565614.0,,,saccade,763.1,787.2,672.6,1011.3,77548386.0,77548432.0,blast,77550418,qm,3,06KK,qm_log_game_3,3,5
2565716.0,2565746.0,,,saccade,670.6,1022.0,672.2,988.2,77548534.0,77548564.0,blast,77550418,qm,3,06KK,qm_log_game_3,3,5
2565916.0,2565924.0,,,saccade,674.8,974.9,692.5,969.9,77548734.0,77548742.0,blast,77550418,qm,3,06KK,qm_log_game_3,3,5
2581070.0,2581300.0,1354.3,366.1,fixation,,,,,77563888.0,77564118.0,blast,77565858,qm,3,06KK,qm_log_game_3,19,6
2581334.0,2592426.0,1340.1,336.3,fixation,,,,,77564152.0,77575244.0,blast,77565858,qm,3,06KK,qm_log_game_3,19,6
2581020.0,2581068.0,,,saccade,960.4,612.9,1344.8,381.5,77563838.0,77563886.0,blast,77565858,qm,3,06KK,qm_log_game_3,19,6
2581302.0,2581332.0,,,saccade,1355.8,368.2,1325.7,358.0,77564120.0,77564150.0,blast,77565858,qm,3,06KK,qm_log_game_3,19,6
2595054.0,2601522.0,994.9,618.4,fixation,,,,,77577872.0,77584340.0,blast,77579858,qm,3,06KK,qm_log_game_3,11,7
2595022.0,2595052.0,,,saccade,815.1,571.5,966.5,628.0,77577840.0,77577870.0,blast,77579858,qm,3,06KK,qm_log_game_3,11,7
2609506.0,2609684.0,666.8,546.2,fixation,,,,,77592324.0,77592502.0,blast,77594298,qm,3,06KK,qm_log_game_3,4,8
2609704.0,2620974.0,723.8,513.9,fixation,,,,,77592522.0,77603792.0,blast,77594298,qm,3,06KK,qm_log_game_3,4,8
2609456.0,2609504.0,,,saccade,757.0,753.8,665.4,547.1,77592274.0,77592322.0,blast,77594298,qm,3,06KK,qm_log_game_3,4,8
2609686.0,2609702.0,,,saccade,666.6,548.9,698.3,527.5,77592504.0,77592520.0,blast,77594298,qm,3,06KK,qm_log_game_3,4,8
2624896.0,2632512.0,761.8,755.7,fixation,,,,,77607714.0,77615330.0,blast,77609698,qm,3,06KK,qm_log_game_3,6,9
2624724.0,2624894.0,,,saccade,760.1,770.1,741.7,727.0,77607542.0,77607712.0,blast,77609698,qm,3,06KK,qm_log_game_3,6,9
2642352.0,2642466.0,1244.5,654.9,fixation,,,,,77625170.0,77625284.0,blast,77627138,qm,3,06KK,qm_log_game_3,15,10
2642500.0,2655490.0,1217.2,622.2,fixation,,,,,77625318.0,77638308.0,blast,77627138,qm,3,06KK,qm_log_game_3,15,10
2642292.0,2642350.0,,,saccade,1243.7,739.4,1245.8,649.2,77625110.0,77625168.0,blast,77627138,qm,3,06KK,qm_log_game_3,15,10
2642468.0,2642498.0,,,saccade,1241.3,656.8,1229.6,648.3,77625286.0,77625316.0,blast,77627138,qm,3,06KK,qm_log_game_3,15,10
2662054.0,2664358.0,1279.4,926.0,fixation,,,,,77644872.0,77647176.0,blast,77646818,qm,3,06KK,qm_log_game_3,16,11
2661994.0,2662052.0,,,saccade,1033.2,928.2,1269.4,924.3,77644812.0,77644870.0,blast,77646818,qm,3,06KK,qm_log_game_3,16,11
2679188.0,2679388.0,1006.8,978.6,fixation,,,,,77662006.0,77662206.0,blast,77663978,qm,3,06KK,qm_log_game_3,12,12
2679416.0,2689552.0,1064.9,906.0,fixation,,,,,77662234.0,77672370.0,blast,77663978,qm,3,06KK,qm_log_game_3,12,12
2679108.0,2679186.0,,,saccade,1318.7,525.1,1003.5,995.1,77661926.0,77662004.0,blast,77663978,qm,3,06KK,qm_log_game_3,12,12
2679390.0,2679414.0,,,saccade,1005.5,971.9,1065.8,948.6,77662208.0,77662232.0,blast,77663978,qm,3,06KK,qm_log_game_3,12,12
2693792.0,2694034.0,606.8,276.3,fixation,,,,,77676610.0,77676852.0,blast,77678618,qm,3,06KK,qm_log_game_3,0,13
2694056.0,2707210.0,608.8,230.5,fixation,,,,,77676874.0,77690028.0,blast,77678618,qm,3,06KK,qm_log_game_3,0,13
2694036.0,2694054.0,,,saccade,608.5,278.9,610.6,249.3,77676854.0,77676872.0,blast,77678618,qm,3,06KK,qm_log_game_3,0,13
2712314.0,2712544.0,1267.8,253.0,fixation,,,,,77695132.0,77695362.0,blast,77697098,qm,3,06KK,qm_log_game_3,17,14
2712570.0,2712900.0,1296.8,259.5,fixation,,,,,77695388.0,77695718.0,blast,77697098,qm,3,06KK,qm_log_game_3,17,14
2712910.0,2726930.0,1304.9,264.4,fixation,,,,,77695728.0,77709748.0,blast,77697098,qm,3,06KK,qm_log_game_3,17,14
2712252.0,2712312.0,,,saccade,1295.2,555.9,1278.0,263.7,77695070.0,77695130.0,blast,77697098,qm,3,06KK,qm_log_game_3,17,14
2712546.0,2712568.0,,,saccade,1259.1,251.0,1301.1,247.7,77695364.0,77695386.0,blast,77697098,qm,3,06KK,qm_log_game_3,17,14
2712902.0,2712908.0,,,saccade,1297.6,265.0,1285.8,270.2,77695720.0,77695726.0,blast,77697098,qm,3,06KK,qm_log_game_3,17,14
2728616.0,2728766.0,1210.1,600.9,fixation,,,,,77711434.0,77711584.0,blast,77713418,qm,3,06KK,qm_log_game_3,18,15
2728810.0,2737002.0,1297.3,556.6,fixation,,,,,77711628.0,77719820.0,blast,77713418,qm,3,06KK,qm_log_game_3,18,15
2728540.0,2728614.0,,,saccade,908.8,491.4,1202.7,597.2,77711358.0,77711432.0,blast,77713418,qm,3,06KK,qm_log_game_3,18,15
2728768.0,2728808.0,,,saccade,1209.5,592.1,1292.5,560.8,77711586.0,77711626.0,blast,77713418,qm,3,06KK,qm_log_game_3,18,15
2745714.0,2745882.0,1042.5,724.3,fixation,,,,,77728532.0,77728700.0,blast,77730498,qm,3,06KK,qm_log_game_3,9,16
2745934.0,2757190.0,1005.7,681.5,fixation,,,,,77728752.0,77740008.0,blast,77730498,qm,3,06KK,qm_log_game_3,9,16
2745610.0,2745712.0,,,saccade,739.1,943.2,1029.1,722.8,77728428.0,77728530.0,blast,77730498,qm,3,06KK,qm_log_game_3,9,16
2745884.0,2745932.0,,,saccade,1043.9,723.6,1001.4,680.3,77728702.0,77728750.0,blast,77730498,qm,3,06KK,qm_log_game_3,9,16
2761700.0,2762010.0,911.0,261.8,fixation,,,,,77744518.0,77744828.0,blast,77746498,qm,3,06KK,qm_log_game_3,8,17
2762034.0,2772046.0,943.0,266.3,fixation,,,,,77744852.0,77754864.0,blast,77746498,qm,3,06KK,qm_log_game_3,8,17
2761652.0,2761698.0,,,saccade,925.8,473.4,911.7,286.4,77744470.0,77744516.0,blast,77746498,qm,3,06KK,qm_log_game_3,8,17
2762012.0,2762032.0,,,saccade,919.2,266.1,939.9,254.1,77744830.0,77744850.0,blast,77746498,qm,3,06KK,qm_log_game_3,8,17
2776770.0,2776996.0,665.4,586.6,fixation,,,,,77759588.0,77759814.0,holiday_home,77761578,qm,3,06KK,qm_log_game_3,2,18
2777024.0,2779438.0,690.7,554.9,fixation,,,,,77759842.0,77762256.0,holiday_home,77761578,qm,3,06KK,qm_log_game_3,2,18
2776718.0,2776768.0,,,saccade,930.3,479.1,666.0,592.4,77759536.0,77759586.0,holiday_home,77761578,qm,3,06KK,qm_log_game_3,2,18
2776998.0,2777022.0,,,saccade,666.1,590.0,703.3,555.5,77759816.0,77759840.0,holiday_home,77761578,qm,3,06KK,qm_log_game_3,2,18
2810006.0,2818118.0,762.2,963.4,fixation,,,,,77792824.0,77800936.0,blast,77795938,qm,3,06KK,qm_log_game_3,5,19
2824846.0,2831456.0,937.4,505.7,fixation,,,,,77807664.0,77814274.0,blast,77809657,qm,3,06KK,qm_log_game_3,7,20
2824778.0,2824844.0,,,saccade,1893.6,105.0,960.5,505.4,77807596.0,77807662.0,blast,77809657,qm,3,06KK,qm_log_game_3,7,20
