event,timestamp,pos_x,pos_y,res_timestamp,decision,earned_points,total_points,game_timestamp,condition,n_game,subject,filename,n_star,interaction_type,n,p_nan,deviation,gaze_pos_x,gaze_pos_y,var_x,var_y,var,range_x,range_y,range_mean,range_max,range,av_x,av_y,norm_dev,norm_dev_2
activate_star,10489,867,630,82331089,-,0,0,8450,im,1,20EC,im_log_game_1,8,holiday_home,1,,,,,,,,,,,,,,,,
activate_star,20889,1131,508,82341489,-,0,0,18850,im,1,20EC,im_log_game_1,13,holiday_home,2,,,,,,,,,,,,,,,,
activate_star,43219,1350,518,82363808,-,0,333,41180,im,1,20EC,im_log_game_1,19,blast,3,0.0,22.35,1343.1,538.8,8.29,14.9,11.594999999999999,11.1,15.1,13.1,15.1,18.740864441108364,1347.8,535.7,7.63,7.91
activate_star,56686,1277,801,82377288,-,0,663,54647,im,1,20EC,im_log_game_1,18,holiday_home,4,0.0,24.12,1274.9,777.5,18.44,10.49,14.465,17.7,13.4,15.55,17.7,22.20022522408275,1302.4,780.5,27.86,44.14
activate_star,82287,867,630,82402889,-,0,697,80248,im,1,20EC,im_log_game_1,8,holiday_home,5,0.0,36.4,862.4,666.3,12.82,14.71,13.765,14.8,15.7,15.25,15.7,21.57614423385235,857.2,670.5,8.97,16.73
activate_star,143085,647,576,82463688,-,0,697,141046,im,1,20EC,im_log_game_1,1,holiday_home,6,0.0,21.14,626.95,580.6,19.48,9.18,14.33,23.0,13.2,18.1,23.0,26.51867266663247,610.4,568.75,20.46,25.53
activate_star,178049,867,630,82498648,-,0,897,176010,im,1,20EC,im_log_game_1,8,blast,7,0.0,32.26,835.75,636.5,48.63,60.02,54.325,30.1,23.3,26.700000000000003,30.1,38.06441908134157,841.7,626.4,12.88,36.92
activate_star,195808,711,891,82516408,-,0,972,193769,im,1,20EC,im_log_game_1,5,blast,8,0.0,29.1,682.2,894.3,21.66,10.74,16.2,16.6,14.6,15.600000000000001,16.6,22.10701246211256,739.85,868.0,63.17,33.32
activate_star,209246,706,302,82529848,-,0,1087,207207,im,1,20EC,im_log_game_1,4,blast,9,0.0,34.1,677.8,287.8,14.64,116.8,65.72,16.1,32.6,24.35,32.6,36.358905374062076,674.3,289.65,6.18,46.09
activate_star,222847,1274,306,82543447,-,0,1118,220808,im,1,20EC,im_log_game_1,16,holiday_home,10,0.0,45.97,1238.0,279.8,96.27,63.28,79.775,41.0,31.9,36.45,41.0,51.9481472239386,1251.6,280.0,17.5,60.07
activate_star,238252,1058,233,82558848,-,0,1118,236213,im,1,20EC,im_log_game_1,12,blast,11,0.0,43.46,1077.1,193.8,13.47,14.45,13.96,15.6,15.3,15.45,15.6,21.850629281556174,1070.7,177.4,17.94,62.34
activate_star,251805,1274,306,82572407,-,0,1172,249766,im,1,20EC,im_log_game_1,16,blast,12,0.0,43.63,1316.3,295.4,186.28,9.76,98.02,38.1,13.9,26.0,38.1,40.55638050911349,1300.4,292.8,17.92,52.08
activate_star,268973,861,159,82589567,-,0,1192,266934,im,1,20EC,im_log_game_1,7,holiday_home,13,0.0,59.51,860.8,99.5,6.6,41.45,24.025000000000002,11.7,22.9,17.299999999999997,22.9,25.715753926338618,849.35,76.75,25.93,79.76
activate_star,8768,849,517,82655487,-,0,1247,328221,im,1,20EC,im_log_game_1,6,holiday_home,14,0.0,61.25,788.1,512.1,41.38,15.74,28.560000000000002,29.3,15.3,22.3,29.3,33.05419791796497,808.8,518.15,22.49,66.35
activate_star,59887,985,731,82706607,-,0,1243,379340,im,1,20EC,im_log_game_1,11,holiday_home,15,0.0,36.37,952.05,746.4,38.57,19.97,29.27,24.2,18.8,21.5,24.2,30.644412214953643,974.5,735.95,25.46,33.42
activate_star,71049,572,532,82717767,-,0,1243,390502,im,1,20EC,im_log_game_1,0,blast,16,0.0,51.21,520.9,523.6,56.62,21.15,38.885,32.5,21.0,26.75,32.5,38.69431482789171,526.8,532.5,11.72,56.66
activate_star,86612,689,296,82733327,-,0,1320,406065,im,1,20EC,im_log_game_1,2,blast,17,0.0,37.29,664.6,268.3,13.16,17.66,15.41,14.3,17.2,15.75,17.2,22.368057582186253,689.7,275.6,26.57,54.05
activate_star,101766,1232,349,82748486,-,0,1309,421219,im,1,20EC,im_log_game_1,14,blast,18,0.0,53.44,1285.1,344.0,22.3,13.25,17.775,17.1,13.6,15.350000000000001,17.1,21.84879859397308,1266.2,378.35,38.75,58.19
activate_star,114687,1235,615,82761406,-,0,1329,434140,im,1,20EC,im_log_game_1,15,blast,19,0.0,33.44,1267.35,623.0,6.88,11.73,9.305,10.3,14.2,12.25,14.2,17.542234749312872,1264.8,622.6,4.79,34.99
activate_star,128019,869,921,82774726,-,0,1291,447472,im,1,20EC,im_log_game_1,9,holiday_home,20,0.0,23.78,892.55,919.0,17.41,7.77,12.59,24.3,13.0,18.65,24.3,27.55884612969128,879.45,911.2,15.93,32.07
activate_star,148031,692,712,82794726,-,0,1291,467484,im,1,20EC,im_log_game_1,3,holiday_home,21,0.0,11.63,699.6,711.8,87.94,37.95,62.945,36.2,23.4,29.8,36.2,43.104524124504614,675.75,701.4,26.75,22.29
activate_star,192005,869,921,82838726,-,0,1515,511458,im,1,20EC,im_log_game_1,9,holiday_home,22,0.0,14.21,855.3,919.6,22.52,11.57,17.045,20.0,12.7,16.35,20.0,23.69155967850154,861.35,933.1,16.36,26.63
activate_star,224169,985,731,82870886,-,0,1547,543622,im,1,20EC,im_log_game_1,11,holiday_home,23,0.0,23.82,962.0,732.8,14.94,29.82,22.38,15.9,21.1,18.5,21.1,26.420068130116544,955.95,739.8,10.36,31.05
activate_star,249726,1275,910,82896445,-,0,1558,569179,im,1,20EC,im_log_game_1,17,blast,24,0.0,28.83,1303.5,909.0,9.4,7.96,8.68,13.9,12.7,13.3,13.9,18.828170383762732,1338.4,909.25,35.17,36.47
activate_star,264531,936,166,82911245,-,0,1615,583984,im,1,20EC,im_log_game_1,10,holiday_home,25,0.0,22.76,954.2,178.15,6.7,43.68,25.19,11.5,24.3,17.9,24.3,26.88382413273826,956.1,155.5,22.77,21.52
activate_star,4491,809,547,83336805,-,0,0,2669,im,2,20EC,im_log_game_2,7,blast,1,,,,,,,,,,,,,,,,
activate_star,18045,972,702,83350365,-,0,-86,16223,im,2,20EC,im_log_game_2,11,blast,2,,,,,,,,,,,,,,,,
activate_star,32685,1265,574,83365005,-,0,-350,30863,im,2,20EC,im_log_game_2,16,holiday_home,3,0.0,78.87,1255.2,652.2,5.39,16.9,11.145,10.0,16.6,13.3,16.6,19.379370474811612,1219.1,641.5,37.5,127.4
activate_star,58404,853,891,83390725,-,0,-213,56582,im,2,20EC,im_log_game_2,8,blast,4,0.0,59.7,870.4,947.8,12.7,7.15,9.925,14.1,10.8,12.45,14.1,17.76091213873882,879.8,929.0,21.71,109.76
activate_star,71738,573,922,83404045,-,0,137,69916,im,2,20EC,im_log_game_2,0,blast,5,0.0,80.98,651.8,940.45,131.45,6.99,69.22,33.6,10.4,22.0,33.6,35.17271669916897,631.15,940.55,20.69,111.31
activate_star,88129,662,697,83420444,-,0,371,86307,im,2,20EC,im_log_game_2,3,holiday_home,6,0.0,42.69,681.5,734.1,71.96,30.39,51.175,29.4,22.3,25.85,29.4,36.90054200143949,702.3,734.9,21.18,91.96
activate_star,116922,802,302,83449244,-,0,176,115100,im,2,20EC,im_log_game_2,6,holiday_home,7,0.0,87.83,811.7,388.6,22.97,16.62,19.795,18.6,15.2,16.9,18.6,24.020824298928627,821.0,382.95,12.58,137.81
activate_star,127322,1188,898,83459644,-,0,176,125500,im,2,20EC,im_log_game_2,15,holiday_home,8,0.0,64.1,1160.85,955.95,6.08,24.18,15.129999999999999,9.9,17.5,13.7,17.5,20.106217943710845,1158.75,960.9,6.59,108.45
activate_star,178404,802,302,83510724,-,0,-10,176582,im,2,20EC,im_log_game_2,6,blast,9,0.0,39.52,818.8,338.2,11.41,6.97,9.19,12.5,10.5,11.5,12.5,16.32482771731451,818.15,335.25,5.4,88.95
activate_star,194567,1341,333,83526884,-,0,7,192745,im,2,20EC,im_log_game_2,19,holiday_home,10,0.0,56.56,1311.95,381.05,5.27,16.87,11.07,9.4,15.8,12.600000000000001,15.8,18.384776310850235,1317.15,372.9,10.15,99.27
activate_star,239486,986,173,83571804,-,0,153,237664,im,2,20EC,im_log_game_2,13,holiday_home,11,0.0,93.12,987.9,265.8,56.56,17.11,36.835,31.1,14.7,22.9,31.1,34.399127895922014,984.25,222.05,44.55,142.86
activate_star,6516,685,676,83604724,-,0,134,267696,im,2,20EC,im_log_game_2,4,blast,12,0.0,37.81,704.2,708.65,6.96,13.23,10.095,11.2,14.1,12.649999999999999,14.1,18.006943105369107,708.6,716.3,9.21,86.83
activate_star,20034,933,881,83618243,-,0,-58,281214,im,2,20EC,im_log_game_2,10,blast,13,0.0,44.03,966.35,908.85,39.46,37.06,38.260000000000005,21.7,23.2,22.45,23.2,31.766806575417682,963.6,917.8,13.08,88.45
activate_star,44953,980,528,83643163,-,0,-253,306133,im,2,20EC,im_log_game_2,12,blast,14,0.0,16.88,980.65,544.4,11.29,56.08,33.685,13.9,26.8,20.35,26.8,30.19023020780067,972.2,556.2,16.49,66.57
activate_star,64756,899,340,83662963,-,0,-205,325936,im,2,20EC,im_log_game_2,9,holiday_home,15,0.0,72.71,898.65,412.7,9.73,11.32,10.525,15.9,11.9,13.9,15.9,19.8600100704909,893.1,412.0,6.67,122.31
activate_star,95673,1142,341,83693883,-,0,-67,356853,im,2,20EC,im_log_game_2,14,blast,16,0.0,53.0,1140.8,393.6,213.22,168.2,190.70999999999998,44.6,44.9,44.75,44.9,63.28641244374656,1139.5,402.75,13.57,102.14
activate_star,113630,1283,632,83711843,-,0,-49,374810,im,2,20EC,im_log_game_2,17,blast,17,0.0,83.81,1265.65,713.95,5.51,22.7,14.105,10.5,21.5,16.0,21.5,23.926972228010797,1267.3,724.5,10.77,131.26
activate_star,132192,635,443,83730403,-,0,233,393372,im,2,20EC,im_log_game_2,2,holiday_home,18,0.0,49.39,658.95,485.7,15.74,19.52,17.63,16.6,18.7,17.65,18.7,25.004999500099974,667.75,465.5,22.86,98.26
activate_star,162872,1328,874,83761083,-,0,127,424052,im,2,20EC,im_log_game_2,18,holiday_home,19,0.0,83.07,1291.0,947.6,26.33,30.41,28.369999999999997,18.5,23.7,21.1,23.7,30.06559495503124,1288.9,949.95,7.25,125.27
activate_star,195595,584,193,83793802,-,0,348,456775,im,2,20EC,im_log_game_2,1,holiday_home,20,0.0,80.94,613.75,268.7,11.38,9.37,10.375,12.4,13.0,12.7,13.0,17.9655225362359,608.8,261.65,9.26,130.62
activate_star,218311,793,143,83816522,-,0,348,479491,im,2,20EC,im_log_game_2,5,holiday_home,21,0.0,55.14,814.4,193.5,57.73,20.9,39.315,28.1,16.1,22.1,28.1,32.38549057834388,813.65,203.35,12.95,104.84
activate_star,250031,584,193,83848242,-,0,400,511211,im,2,20EC,im_log_game_2,1,holiday_home,22,0.0,86.11,630.85,271.55,124.63,940.87,532.75,31.3,126.4,78.85000000000001,126.4,130.2177023295988,621.35,268.0,15.81,135.44
activate_star,4323,909,513,84123873,-,0,0,2554,im,3,20EC,im_log_game_3,10,holiday_home,1,,,,,,,,,,,,,,,,
activate_star,16324,1181,531,84135873,-,0,0,14555,im,3,20EC,im_log_game_3,15,blast,2,,,,,,,,,,,,,,,,
activate_star,33682,1286,745,84153233,-,0,200,31913,im,3,20EC,im_log_game_3,18,holiday_home,3,0.0,20.57,1302.2,757.6,6.72,18.05,12.385,11.1,15.8,13.45,15.8,19.30932417253385,1276.8,758.0,25.59,39.78
activate_star,59804,1033,818,84179353,-,0,283,58035,im,3,20EC,im_log_game_3,12,blast,4,0.0,33.57,1043.4,850.2,11.79,23.3,17.545,14.8,18.3,16.55,18.3,23.535717537394095,987.05,841.5,56.87,57.58
activate_star,73807,1222,206,84193353,-,0,357,72038,im,3,20EC,im_log_game_3,16,holiday_home,5,0.0,37.83,1229.85,243.0,3.22,11.92,7.57,7.3,14.0,10.65,14.0,15.788920165736478,1238.25,243.2,9.49,62.4
activate_star,84842,909,513,84204393,-,0,357,83073,im,3,20EC,im_log_game_3,10,blast,6,0.0,50.33,921.5,561.75,46.38,6.53,26.455000000000002,21.5,12.0,16.75,21.5,24.62214450449026,905.8,565.3,16.27,74.8
activate_star,98765,565,441,84218312,-,0,648,96996,im,3,20EC,im_log_game_3,1,blast,7,0.0,66.39,557.05,507.0,4.96,11.34,8.15,8.8,13.9,11.350000000000001,13.9,16.451443705644802,566.0,498.9,12.68,92.57
activate_star,114403,1023,266,84233952,-,0,838,112634,im,3,20EC,im_log_game_3,11,holiday_home,8,0.0,30.88,1003.9,290.5,3.68,12.25,7.965,7.6,13.1,10.35,13.1,15.144966160411187,1006.05,289.5,4.79,56.66
activate_star,124882,737,729,84244432,-,0,838,123113,im,3,20EC,im_log_game_3,6,holiday_home,9,0.0,33.84,752.15,759.45,5.38,27.85,16.615000000000002,8.9,18.7,13.8,18.7,20.709901013766338,771.3,768.4,21.42,56.09
activate_star,137366,1023,266,84256912,-,0,838,135597,im,3,20EC,im_log_game_3,11,blast,10,0.0,60.68,992.65,318.2,10.69,11.06,10.875,21.8,17.7,19.75,21.8,28.08077634254438,1011.1,309.1,20.98,86.72
activate_star,151723,566,898,84271272,-,0,962,149954,im,3,20EC,im_log_game_3,2,holiday_home,11,0.0,44.58,603.95,924.2,143.1,34.09,88.595,49.7,31.1,40.400000000000006,49.7,58.628491367252494,583.15,940.6,28.47,59.63
activate_star,181003,737,729,84300552,-,0,1162,179234,im,3,20EC,im_log_game_3,6,blast,12,0.0,61.7,759.35,786.65,2.17,6.84,4.505,6.2,10.0,8.1,10.0,11.766052864066182,763.7,791.15,6.49,84.19
activate_star,195360,685,261,84314912,-,0,1113,193591,im,3,20EC,im_log_game_3,5,blast,13,0.0,40.32,702.0,297.2,10.73,3.4,7.065,10.9,8.1,9.5,10.9,13.580132547217646,681.0,284.15,24.96,62.11
activate_star,214559,1222,206,84334112,-,0,1199,212790,im,3,20EC,im_log_game_3,16,blast,14,0.0,46.1,1237.25,249.6,68.37,28.1,48.235,29.8,23.4,26.6,29.8,37.889312477267254,1220.3,238.5,20.06,69.58
activate_star,7779,871,610,84352751,-,0,1314,226223,im,3,20EC,im_log_game_3,8,holiday_home,15,0.0,23.62,876.25,632.8,2.37,6.98,4.675000000000001,7.5,12.0,9.75,12.0,14.150971698084906,876.8,635.6,3.61,48.17
activate_star,29100,1271,252,84374072,-,0,1314,247544,im,3,20EC,im_log_game_3,17,holiday_home,16,0.0,24.75,1271.2,276.5,4.1,13.37,8.735,11.1,14.5,12.8,14.5,18.260887163552596,1260.2,299.8,25.85,50.38
activate_star,49858,883,286,84394831,-,0,1314,268302,im,3,20EC,im_log_game_3,9,holiday_home,17,0.0,9.06,881.4,293.95,66.09,25.47,45.78,29.0,20.3,24.65,29.0,35.39901128562774,879.3,297.3,6.09,35.16
activate_star,61261,563,801,84406231,-,0,1314,279705,im,3,20EC,im_log_game_3,0,blast,18,0.0,58.64,605.0,762.7,287.24,75.44,181.34,49.4,36.3,42.849999999999994,49.4,61.30293630814106,571.2,764.6,35.65,39.02
activate_star,76054,858,812,84421031,-,0,1511,294498,im,3,20EC,im_log_game_3,7,blast,19,0.0,74.03,807.9,867.6,963.86,10.25,487.055,87.8,14.6,51.199999999999996,87.8,89.00561780022652,863.85,872.8,55.97,98.54
activate_star,89385,1122,444,84434351,-,0,1619,307829,im,3,20EC,im_log_game_3,13,holiday_home,20,0.0,31.76,1112.05,473.45,57.12,11.82,34.47,30.5,13.6,22.05,30.5,33.39476006801067,1114.2,481.7,8.83,58.14
activate_star,106533,673,551,84451511,-,0,1619,324977,im,3,20EC,im_log_game_3,4,blast,21,0.0,7.18,675.8,553.35,12.37,36.86,24.615,12.0,21.4,16.7,21.4,24.534873140083686,673.3,560.4,8.15,28.61
activate_star,120133,871,610,84465111,-,0,1543,338577,im,3,20EC,im_log_game_3,8,blast,22,0.0,40.1,876.2,638.85,709.5,58.79,384.145,64.6,25.4,45.0,64.6,69.41411960113014,920.9,620.1,49.26,61.03
activate_star,135534,883,286,84480511,-,0,1612,353978,im,3,20EC,im_log_game_3,9,blast,23,0.0,76.6,896.2,360.95,32.27,71.91,52.09,24.4,35.7,30.05,35.7,43.24176222126013,886.15,344.1,20.85,100.63
activate_star,151302,1122,444,84496271,-,0,1758,369746,im,3,20EC,im_log_game_3,13,blast,24,0.0,32.94,1122.6,476.9,5.59,9.43,7.51,8.0,11.9,9.95,11.9,14.339107364128354,1149.7,477.7,27.34,58.74
activate_star,164642,1271,252,84509590,-,0,1966,383086,im,3,20EC,im_log_game_3,17,holiday_home,25,0.0,46.83,1287.3,295.9,2.5,7.16,4.83,5.9,12.1,9.0,12.1,13.461797799699712,1280.2,293.2,8.21,69.78
activate_star,175612,666,244,84520591,-,0,1966,394056,im,3,20EC,im_log_game_3,3,blast,26,0.0,20.33,684.6,251.0,3.29,6.01,4.65,8.3,10.4,9.350000000000001,10.4,13.306013678032953,683.95,257.95,7.27,34.43
activate_star,188258,1175,924,84533230,-,0,2020,406702,im,3,20EC,im_log_game_3,14,holiday_home,27,0.0,41.66,1170.95,965.1,7.92,6.59,7.255,9.7,10.3,10.0,10.3,14.148498153514387,1191.8,961.25,21.03,67.94
activate_star,206812,1271,252,84551790,-,0,2020,425256,im,3,20EC,im_log_game_3,17,blast,28,0.0,15.54,1265.6,266.5,5.3,14.86,10.08,10.5,17.5,14.0,17.5,20.40833163195855,1269.45,250.8,16.35,42.01
activate_star,223695,1321,778,84568670,-,0,2175,442139,im,3,20EC,im_log_game_3,19,blast,29,0.0,35.57,1326.2,813.25,2.39,7.66,5.025,7.1,10.9,9.0,10.9,13.008458786497346,1322.3,819.6,7.64,60.7
activate_star,237138,1175,924,84582110,-,0,2063,455582,im,3,20EC,im_log_game_3,14,holiday_home,30,0.0,34.54,1202.5,945.25,4.16,7.71,5.9350000000000005,8.5,11.4,9.95,11.4,14.220056258679149,1173.6,928.8,33.06,50.27
activate_star,5344,978,543,86768942,-,0,0,3095,qm,1,20EC,qm_log_game_1,10,holiday_home,1,,,,,,,,,,,,,,,,
activate_star,30308,1183,675,86793902,-,0,-50,28059,qm,1,20EC,qm_log_game_1,16,holiday_home,2,0.0,38.71,1172.25,712.0,18.35,61.96,40.155,14.6,22.9,18.75,22.9,27.158240001885247,1175.7,712.9,4.66,54.48
activate_star,40317,800,343,86803902,-,0,-50,38068,qm,1,20EC,qm_log_game_1,7,holiday_home,3,0.0,13.72,788.1,336.5,3.39,24.08,13.735,8.6,18.5,13.55,18.5,20.40122545338882,787.7,335.4,5.11,14.19
activate_star,53345,990,215,86816941,-,0,-50,51096,qm,1,20EC,qm_log_game_1,11,blast,4,0.0,10.03,984.1,207.8,24.89,7.11,16.0,19.2,11.6,15.399999999999999,19.2,22.432119828495924,996.8,211.2,13.52,11.58
activate_star,69466,619,230,86833062,-,0,191,67217,qm,1,20EC,qm_log_game_1,2,holiday_home,5,0.0,41.51,629.9,190.95,133.46,252.14,192.8,29.1,41.8,35.45,41.8,50.931817167660526,605.8,213.3,35.41,28.22
activate_star,80545,800,343,86844144,-,0,191,78296,qm,1,20EC,qm_log_game_1,7,holiday_home,6,0.0,24.6,792.6,366.35,4.23,10.67,7.45,7.0,12.4,9.7,12.4,14.239382009062052,792.6,373.4,7.31,40.32
activate_star,107180,639,700,86870781,-,0,191,104931,qm,1,20EC,qm_log_game_1,4,blast,7,0.0,22.84,636.6,721.9,133.92,19.34,76.63,38.0,17.1,27.55,38.0,41.67025317897649,625.8,694.6,29.23,38.99
activate_star,124944,800,343,86888541,-,0,112,122695,qm,1,20EC,qm_log_game_1,7,holiday_home,8,0.0,21.99,803.85,364.65,4.08,5.71,4.895,7.6,9.7,8.649999999999999,9.7,12.322743201089601,809.9,352.6,13.84,39.11
activate_star,136421,1183,675,86900021,-,0,112,134172,qm,1,20EC,qm_log_game_1,16,blast,9,0.0,36.6,1183.6,711.6,6.52,3.41,4.965,10.7,8.3,9.5,10.7,13.541787178950937,1178.6,697.75,14.97,53.7
activate_star,151905,1337,547,86915501,-,0,22,149656,qm,1,20EC,qm_log_game_1,18,blast,10,0.0,48.23,1323.4,593.15,2.13,6.5,4.3149999999999995,5.7,10.6,8.15,10.6,12.03536455617361,1324.15,590.95,3.45,63.81
activate_star,167740,1147,934,86931341,-,0,-11,165491,qm,1,20EC,qm_log_game_1,13,holiday_home,11,0.0,49.55,1152.4,983.3,7.82,51.18,29.5,10.7,24.2,17.45,24.2,26.459969765666777,1140.35,962.05,24.31,66.69
activate_star,189500,800,343,86953101,-,0,-11,187251,qm,1,20EC,qm_log_game_1,7,blast,12,0.0,29.89,794.35,372.7,13.35,20.89,17.12,14.0,17.4,15.7,17.4,22.332935319836484,811.2,360.7,20.55,46.6
activate_star,203664,1301,346,86967260,-,0,110,201415,qm,1,20EC,qm_log_game_1,17,blast,13,0.0,31.84,1292.15,377.0,2.84,9.47,6.155,6.6,12.3,9.45,12.3,13.95886814895821,1289.6,377.6,4.48,48.0
activate_star,219586,619,230,86983180,-,0,241,217337,qm,1,20EC,qm_log_game_1,2,blast,14,0.0,30.9,640.65,252.05,5.96,66.34,36.15,9.1,25.8,17.45,25.8,27.357814240176424,641.0,226.65,25.4,46.19
activate_star,234341,772,930,86997940,-,0,518,232092,qm,1,20EC,qm_log_game_1,5,holiday_home,15,0.0,24.81,796.6,928.3,5.36,8.39,6.875,15.8,15.6,15.7,15.8,22.20360331117452,796.4,931.1,3.56,31.46
activate_star,264342,1147,934,87027940,-,0,470,262093,qm,1,20EC,qm_log_game_1,13,blast,16,0.0,30.27,1118.2,926.65,78.56,4.91,41.735,40.1,10.6,25.35,40.1,41.47734321289154,1146.5,935.6,30.34,27.35
activate_star,6885,941,441,87046700,-,0,460,276838,qm,1,20EC,qm_log_game_1,9,holiday_home,17,0.0,11.1,950.4,439.25,8.09,23.39,15.74,12.4,16.2,14.3,16.2,20.40098036859994,943.7,442.2,9.29,19.68
activate_star,42359,787,896,87082180,-,0,457,312312,qm,1,20EC,qm_log_game_1,6,blast,18,0.0,27.54,804.75,915.8,9.01,12.8,10.905000000000001,15.5,13.0,14.25,15.5,20.22992832414391,806.4,917.8,4.93,42.79
activate_star,55697,1085,901,87095500,-,0,458,325650,qm,1,20EC,qm_log_game_1,12,holiday_home,19,0.0,81.53,1070.3,820.75,10.08,64.85,37.464999999999996,14.6,36.3,25.45,36.3,39.12607825990231,1066.2,862.45,42.21,64.39
activate_star,66683,1178,338,87106500,-,0,458,336636,qm,1,20EC,qm_log_game_1,15,blast,20,0.0,90.51,1149.9,424.4,110.62,10.67,60.645,40.4,14.3,27.35,40.4,42.85615475051396,1180.85,417.55,32.13,105.96
activate_star,80019,621,520,87119820,-,0,597,349972,qm,1,20EC,qm_log_game_1,3,holiday_home,21,0.0,31.12,612.45,550.6,36.85,48.04,42.445,26.7,25.1,25.9,26.7,36.64560000873229,610.2,540.15,13.4,48.06
activate_star,113118,859,651,87152939,-,0,404,383071,qm,1,20EC,qm_log_game_1,8,blast,22,0.0,44.92,886.2,686.7,7.02,8.34,7.68,10.6,10.9,10.75,10.9,15.204275714416653,885.35,685.8,3.64,61.01
activate_star,126765,619,208,87166579,-,0,698,396718,qm,1,20EC,qm_log_game_1,1,blast,23,0.0,42.41,630.05,167.8,18.34,37.07,27.705,17.5,22.7,20.1,22.7,28.66251907980176,630.25,165.0,5.13,28.43
activate_star,139881,1148,665,87179699,-,0,622,409834,qm,1,20EC,qm_log_game_1,14,blast,24,0.0,27.76,1153.1,692.15,3.25,20.66,11.955,7.6,14.9,11.25,14.9,16.72632655426768,1146.1,691.35,8.31,44.91
activate_star,153211,1085,901,87193019,-,0,739,423164,qm,1,20EC,qm_log_game_1,12,blast,25,0.0,26.59,1105.55,913.85,29.38,6.65,18.015,18.8,10.3,14.55,18.8,21.436650857818254,1117.85,911.25,13.59,40.61
activate_star,171281,1345,545,87211099,-,0,763,441234,qm,1,20EC,qm_log_game_1,19,blast,26,0.0,22.05,1360.9,560.8,2.47,13.85,8.16,6.3,15.5,10.9,15.5,16.73140759171206,1359.2,551.8,9.32,37.5
activate_star,184240,578,867,87224059,-,0,896,454193,qm,1,20EC,qm_log_game_1,0,blast,27,0.0,34.29,605.0,845.5,5.51,5.21,5.359999999999999,11.0,9.3,10.15,11.0,14.404513181638594,570.15,858.55,37.55,30.99
activate_star,3916,863,562,88471078,-,0,0,2020,qm,2,20EC,qm_log_game_2,5,holiday_home,1,,,,,,,,,,,,,,,,
activate_star,15483,792,331,88482638,-,0,0,13587,qm,2,20EC,qm_log_game_2,3,blast,2,0.0,20.89,776.0,321.75,112.03,78.57,95.3,29.3,27.7,28.5,29.3,40.32096229010414,752.7,336.8,27.99,45.66
activate_star,31825,989,290,88498958,-,0,221,29929,qm,2,20EC,qm_log_game_2,6,holiday_home,3,0.0,44.02,973.2,331.25,35.37,5.32,20.345,23.5,9.2,16.35,23.5,25.236679654819888,974.65,330.55,3.77,95.41
activate_star,51844,863,562,88518998,-,0,221,49948,qm,2,20EC,qm_log_game_2,5,holiday_home,4,0.0,33.92,861.6,595.7,5.53,7.55,6.54,8.2,9.9,9.05,9.9,12.854960132182441,880.0,580.55,24.11,87.31
activate_star,61855,568,674,88528997,-,0,221,59959,qm,2,20EC,qm_log_game_2,0,holiday_home,5,0.0,52.93,597.0,718.4,5.25,6.09,5.67,9.0,9.6,9.3,9.6,13.159027319676785,620.9,726.4,25.81,103.45
activate_star,83040,989,290,88550197,-,0,221,81144,qm,2,20EC,qm_log_game_2,6,holiday_home,6,0.0,36.62,1001.3,257.2,248.64,392.18,320.40999999999997,41.2,54.7,47.95,54.7,68.48014310732711,1004.25,251.75,6.87,28.72
activate_star,93320,863,562,88560477,-,0,221,91424,qm,2,20EC,qm_log_game_2,5,blast,7,0.0,58.37,888.8,612.2,47.68,27.83,37.754999999999995,24.8,21.0,22.9,24.8,32.49676907017065,872.35,632.75,27.43,108.6
activate_star,109637,989,290,88576797,-,0,448,107741,qm,2,20EC,qm_log_game_2,6,holiday_home,8,0.0,21.79,974.0,304.85,44.64,19.01,31.825000000000003,31.7,17.9,24.799999999999997,31.7,36.40467003009367,1034.7,277.4,66.55,69.19
activate_star,120394,1035,728,88587557,-,0,448,118498,qm,2,20EC,qm_log_game_2,7,holiday_home,9,0.0,30.84,1033.0,697.3,2.76,59.96,31.36,6.6,28.8,17.7,28.8,29.546573405388315,1039.1,727.85,31.34,22.73
activate_star,148754,989,290,88615917,-,0,681,146858,qm,2,20EC,qm_log_game_2,6,holiday_home,10,0.0,26.48,964.2,282.3,15.48,83.67,49.575,24.3,51.3,37.8,51.3,56.76424931239732,985.55,287.05,22.58,49.96
activate_star,160757,1226,345,88627917,-,0,681,158861,qm,2,20EC,qm_log_game_2,8,holiday_home,11,0.0,8.4,1219.65,350.2,8.65,13.45,11.05,11.3,15.9,13.600000000000001,15.9,19.50640920313116,1235.4,355.8,17.79,58.66
activate_star,171238,812,910,88638397,-,0,681,169342,qm,2,20EC,qm_log_game_2,4,holiday_home,12,0.0,74.08,854.1,970.65,5.7,5.37,5.535,10.6,9.0,9.8,10.6,13.905394636614957,840.0,960.8,17.28,122.89
activate_star,183760,1343,831,88650917,-,0,681,181864,qm,2,20EC,qm_log_game_2,9,blast,13,0.0,23.73,1335.5,853.2,9.59,7.95,8.77,11.5,11.1,11.3,11.5,15.98311609167624,1318.1,828.5,30.79,75.79
activate_star,199039,1226,345,88666197,-,0,682,197143,qm,2,20EC,qm_log_game_2,8,holiday_home,14,0.0,14.92,1239.1,351.05,3.2,10.18,6.6899999999999995,8.3,13.2,10.75,13.2,15.592626462530294,1242.35,351.85,5.03,61.74
activate_star,211436,989,290,88678597,-,0,682,209540,qm,2,20EC,qm_log_game_2,6,holiday_home,15,0.0,11.97,980.2,282.9,5.68,7.92,6.8,8.8,10.6,9.7,10.6,13.77679207943562,1008.55,262.85,35.09,46.9
activate_star,239678,568,674,88706838,-,0,682,237782,qm,2,20EC,qm_log_game_2,0,blast,16,0.0,53.74,605.2,712.4,5.17,8.37,6.77,9.4,13.9,11.65,13.9,16.780047675736803,592.7,730.9,22.57,100.99
activate_star,255800,989,290,88722956,-,0,987,253904,qm,2,20EC,qm_log_game_2,6,holiday_home,17,0.0,14.74,989.7,298.6,331.84,181.51,256.67499999999995,49.8,40.3,45.05,49.8,64.0634841387822,986.25,287.95,16.89,62.18
activate_star,267393,812,910,88734556,-,0,987,265497,qm,2,20EC,qm_log_game_2,4,holiday_home,18,0.0,34.0,841.4,924.9,3.69,5.48,4.585,9.4,9.6,9.5,9.6,13.435773144854746,754.3,922.35,87.28,76.48
activate_star,277402,598,887,88744556,-,0,987,275506,qm,2,20EC,qm_log_game_2,2,holiday_home,19,0.0,49.72,629.75,924.5,5.68,19.22,12.45,9.4,15.4,12.4,15.4,18.04217281815026,630.85,920.4,5.03,97.94
activate_star,351794,812,910,88818955,-,0,1226,349898,qm,2,20EC,qm_log_game_2,4,blast,20,0.0,70.66,844.2,972.2,19.14,23.37,21.255000000000003,21.7,24.9,23.299999999999997,24.9,33.028775333033465,843.45,975.45,4.62,121.31
activate_star,367275,989,290,88834435,-,0,1361,365379,qm,2,20EC,qm_log_game_2,6,blast,21,0.0,83.07,1009.0,370.55,17.54,10.56,14.05,27.2,13.2,20.2,27.2,30.23375596911505,976.05,374.7,33.35,136.04
activate_star,385717,1226,345,88852876,-,0,1442,383821,qm,2,20EC,qm_log_game_2,8,holiday_home,22,0.0,50.59,1210.8,392.2,14.8,27.82,21.310000000000002,15.4,24.1,19.75,24.1,28.600174824640497,1242.0,398.2,32.33,101.52
activate_star,396197,572,448,88863355,-,0,1442,394301,qm,2,20EC,qm_log_game_2,1,holiday_home,23,0.0,68.83,602.6,509.8,5.22,15.03,10.125,7.8,15.2,11.5,15.2,17.084495895401773,574.2,508.75,28.42,120.2
activate_star,417914,1226,345,88885076,-,0,1442,416018,qm,2,20EC,qm_log_game_2,8,holiday_home,24,0.0,26.26,1249.1,354.9,192.86,56.48,124.67,35.0,25.1,30.05,35.0,43.06982702542466,1227.1,341.6,26.94,70.2
activate_star,427921,572,448,88895075,-,0,1442,426025,qm,2,20EC,qm_log_game_2,1,blast,25,0.0,34.92,587.1,479.05,6.08,11.98,9.030000000000001,9.4,12.9,11.15,12.9,15.96151621870554,588.1,485.3,6.82,86.71
activate_star,441836,1226,345,88908995,-,0,1542,439940,qm,2,20EC,qm_log_game_2,8,holiday_home,26,0.0,7.77,1222.1,351.5,3.2,8.4,5.800000000000001,6.9,11.5,9.2,11.5,13.411189358144192,1223.5,351.2,3.61,59.9
activate_star,3952,945,620,89801568,-,0,0,2055,qm,3,20EC,qm_log_game_3,9,blast,1,0.0,64.36,1001.8,593.25,702.57,370.39,536.48,98.8,88.5,93.65,98.8,132.64120777495958,947.2,638.55,72.34,66.58
activate_star,18675,1176,522,89816288,-,0,-195,16778,qm,3,20EC,qm_log_game_3,14,blast,2,0.0,51.84,1175.4,573.65,7.48,12.64,10.06,10.8,19.1,14.950000000000001,19.1,21.941968918034682,1178.75,564.6,10.6,95.53
activate_star,46798,1026,329,89844406,-,0,-263,44901,qm,3,20EC,qm_log_game_3,11,holiday_home,3,0.0,7.78,1020.75,335.3,106.98,86.2,96.59,29.0,31.1,30.05,31.1,42.52305257151702,1024.6,336.75,6.61,50.12
activate_star,69309,701,879,89866886,-,0,-263,67412,qm,3,20EC,qm_log_game_3,3,blast,4,0.0,10.29,693.9,882.8,11.44,23.09,17.265,13.9,17.7,15.8,17.7,22.5055548698538,693.5,890.4,8.35,47.61
activate_star,82640,734,646,89880245,-,0,-157,80743,qm,3,20EC,qm_log_game_3,4,holiday_home,5,0.0,11.56,735.9,657.25,8.65,16.47,12.559999999999999,12.6,16.3,14.45,16.3,20.602184350209082,735.1,655.9,4.31,55.78
activate_star,92652,562,529,89890245,-,0,-157,90755,qm,3,20EC,qm_log_game_3,0,blast,6,0.0,55.46,570.2,584.0,8.06,9.23,8.645,11.0,13.3,12.15,13.3,17.259490143106778,578.7,577.55,11.26,99.67
activate_star,105154,651,189,89902765,-,0,-263,103257,qm,3,20EC,qm_log_game_3,2,holiday_home,7,0.0,65.22,666.1,252.0,3.97,12.15,8.06,8.3,14.0,11.15,14.0,16.275441622272496,665.75,233.7,18.58,109.47
activate_star,117113,1026,329,89914725,-,0,-263,115216,qm,3,20EC,qm_log_game_3,11,blast,8,0.0,52.02,1029.3,380.9,5.09,10.58,7.835,10.2,11.1,10.649999999999999,11.1,15.074813431681335,1029.95,385.25,5.2,96.24
activate_star,144236,734,646,89941845,-,0,-315,142339,qm,3,20EC,qm_log_game_3,4,holiday_home,9,0.0,62.73,765.9,698.85,3.71,28.07,15.89,8.1,20.6,14.350000000000001,20.6,22.135265979879257,765.9,710.25,11.87,104.89
activate_star,155309,1328,938,89952925,-,0,-315,153412,qm,3,20EC,qm_log_game_3,18,blast,10,0.0,60.39,1290.15,985.5,4.79,8.98,6.885,8.6,13.5,11.05,13.5,16.00656115472652,1302.9,981.9,13.46,95.86
activate_star,169757,914,916,89967365,-,0,-334,167860,qm,3,20EC,qm_log_game_3,8,blast,11,0.0,22.94,921.8,937.8,8.23,8.02,8.125,11.4,12.8,12.100000000000001,12.8,17.140595088852663,922.2,931.75,6.63,66.93
activate_star,187312,1335,239,89984925,-,0,-541,185415,qm,3,20EC,qm_log_game_3,19,holiday_home,12,0.0,40.79,1351.4,276.2,6.39,14.09,10.24,10.5,15.9,13.2,15.9,19.0541334098405,1333.85,268.2,19.94,84.5
activate_star,198548,651,189,89996165,-,0,-541,196651,qm,3,20EC,qm_log_game_3,2,holiday_home,13,0.0,58.15,667.1,244.85,5.35,12.58,8.965,9.5,13.6,11.55,13.6,16.58945448168806,662.7,235.85,10.32,102.34
activate_star,221554,734,646,90019164,-,0,-541,219657,qm,3,20EC,qm_log_game_3,4,holiday_home,14,0.0,64.91,760.85,704.7,23.96,12.29,18.125,20.4,16.1,18.25,20.4,25.98788179132728,764.4,703.35,6.73,108.22
activate_star,243712,1335,239,90041324,-,0,-541,241815,qm,3,20EC,qm_log_game_3,19,holiday_home,15,0.0,53.9,1318.65,291.4,18.33,111.31,64.82,19.3,44.0,31.65,44.0,48.04674806893802,1337.15,259.25,36.85,96.26
activate_star,264791,651,189,90062404,-,0,-541,262894,qm,3,20EC,qm_log_game_3,2,blast,16,0.0,92.24,683.2,276.2,11.74,37.7,24.720000000000002,13.8,29.5,21.65,29.5,32.56823605908063,688.0,257.8,19.62,136.1
activate_star,282470,734,646,90080084,-,0,-702,280573,qm,3,20EC,qm_log_game_3,4,blast,17,0.0,68.64,769.4,704.05,27.47,20.34,23.905,16.9,17.9,17.4,17.9,24.617473469062578,765.1,696.1,10.5,110.94
activate_star,300189,1335,239,90097804,-,0,-763,298292,qm,3,20EC,qm_log_game_3,19,holiday_home,18,0.0,47.71,1327.0,285.7,5.15,19.83,12.489999999999998,8.5,17.1,12.8,17.1,19.09607289470796,1336.0,275.25,14.68,90.43
activate_star,16185,1082,614,90136364,-,0,-745,330873,qm,3,20EC,qm_log_game_3,12,blast,19,0.0,69.92,1092.7,682.9,9.15,10.23,9.690000000000001,11.1,15.5,13.3,15.5,19.0646269305224,1097.2,677.1,7.89,114.22
activate_star,30513,965,804,90150683,-,0,-732,345201,qm,3,20EC,qm_log_game_3,10,holiday_home,20,0.0,63.14,971.35,866.55,6.86,12.39,9.625,12.8,13.7,13.25,13.7,18.749133313302778,971.75,872.0,6.3,107.41
activate_star,48144,913,460,90168324,-,0,-732,362832,qm,3,20EC,qm_log_game_3,7,holiday_home,21,0.0,50.2,932.0,506.2,16.44,18.19,17.315,14.8,18.7,16.75,18.7,23.84806071780261,930.1,499.8,7.96,93.71
activate_star,58582,585,491,90178765,-,0,-732,373270,qm,3,20EC,qm_log_game_3,1,holiday_home,22,0.0,86.06,621.2,569.5,6.92,17.78,12.350000000000001,9.3,17.6,13.450000000000001,17.6,19.906029237394385,621.5,561.2,8.88,129.38
activate_star,69306,965,804,90189483,-,0,-732,383994,qm,3,20EC,qm_log_game_3,10,holiday_home,23,0.0,66.67,988.4,866.6,5.62,12.12,8.87,9.7,14.4,12.05,14.4,17.362315513778686,974.1,859.3,16.07,110.66
activate_star,106943,913,460,90227123,-,0,-543,421631,qm,3,20EC,qm_log_game_3,7,holiday_home,24,0.0,64.89,942.05,516.75,41.72,62.83,52.275,24.5,30.3,27.4,30.3,38.9658825127829,938.3,499.35,18.63,107.58
activate_star,117379,1306,874,90237563,-,0,-543,432067,qm,3,20EC,qm_log_game_3,17,blast,25,0.0,20.43,1286.7,872.0,9.64,41.17,25.405,12.6,21.3,16.95,21.3,24.747727168368414,1305.15,910.25,42.2,43.89
activate_star,135782,756,815,90255963,-,0,-355,450470,qm,3,20EC,qm_log_game_3,5,blast,26,0.0,67.26,815.3,844.45,191.77,26.56,109.165,43.7,20.9,32.3,43.7,48.44068537913146,798.5,862.6,29.69,101.75
activate_star,161100,585,491,90281285,-,0,-477,475788,qm,3,20EC,qm_log_game_3,1,holiday_home,27,0.0,73.58,634.3,544.75,5.41,19.15,12.28,8.9,19.6,14.25,19.6,21.526030753485422,635.85,544.95,3.84,113.51
activate_star,172182,1286,609,90292363,-,0,-477,486870,qm,3,20EC,qm_log_game_3,16,blast,28,0.0,28.3,1309.0,624.9,36.06,11.34,23.700000000000003,23.9,15.3,19.6,23.9,28.37780823108085,1289.35,623.35,20.13,66.95
activate_star,188662,913,460,90308844,-,0,-398,503350,qm,3,20EC,qm_log_game_3,7,holiday_home,29,0.0,78.39,977.3,505.5,35.9,15.07,25.485,21.0,16.0,18.5,21.0,26.40075756488817,975.1,501.0,8.43,113.36
activate_star,208423,585,491,90328603,-,0,-398,523111,qm,3,20EC,qm_log_game_3,1,holiday_home,30,0.0,49.72,626.8,519.8,83.86,18.4,51.129999999999995,35.1,15.6,25.35,35.1,38.410545427004806,616.0,505.8,17.13,86.94
activate_star,234258,913,460,90354442,-,0,-467,548946,qm,3,20EC,qm_log_game_3,7,holiday_home,31,0.0,75.4,909.55,534.65,57.68,44.67,51.175,25.2,30.5,27.85,30.5,39.56374603093089,917.6,526.6,13.36,119.62
activate_star,250860,838,265,90371042,-,0,-467,565548,qm,3,20EC,qm_log_game_3,6,holiday_home,32,0.0,31.85,869.5,268.7,23.58,20.11,21.845,17.5,16.4,16.95,17.5,23.983536019528064,866.8,283.05,14.98,61.17
activate_star,295181,913,460,90415362,-,0,-503,609869,qm,3,20EC,qm_log_game_3,7,blast,33,0.0,42.33,929.8,498.85,36.42,15.13,25.775000000000002,30.4,17.3,23.85,30.4,34.97785013404912,936.2,494.2,9.29,86.2
activate_star,308101,1166,404,90428282,-,0,-358,622789,qm,3,20EC,qm_log_game_3,13,holiday_home,34,0.0,59.6,1219.2,380.0,201.21,31.5,116.355,34.9,19.1,27.0,34.9,39.784670414620756,1195.4,381.7,24.14,62.47
activate_star,321502,1232,143,90441682,-,0,-358,636190,qm,3,20EC,qm_log_game_3,15,blast,35,0.0,43.52,1231.15,186.5,4.36,12.09,8.225,10.0,13.7,11.85,13.7,16.961426826773742,1239.0,187.6,8.79,87.33
activate_star,334741,1166,404,90454922,-,0,-339,649429,qm,3,20EC,qm_log_game_3,13,holiday_home,36,0.0,68.24,1187.8,468.8,4.28,6.16,5.220000000000001,9.8,11.7,10.75,11.7,15.262044423995103,1188.7,464.6,5.1,112.33
