A,A_motor,proba_mean,latency_motor,latency_stop_forward,latency_stop_backward,stop_shift,stop_shift2,max_dur,n_onset,n_star,mode,game,subject
0.72,0.8,0.78,2090.0,500.0,500.0,-500.0,0.0,3900.0,2.0,0,im,1,01TG
0.61,0.77,0.69,1600.0,500.0,500.0,-500.0,-500.0,2400.0,2.0,1,im,1,01TG
0.64,0.86,0.85,2390.0,500.0,500.0,-500.0,-500.0,4400.0,1.0,2,im,1,01TG
0.9,1.0,0.96,1790.0,600.0,6800.0,600.0,600.0,6300.0,1.0,3,im,1,01TG
0.75,0.88,0.75,2590.0,500.0,500.0,-500.0,-100.0,4800.0,2.0,4,im,1,01TG
0.71,0.82,0.81,2690.0,500.0,500.0,-500.0,0.0,2700.0,3.0,5,im,1,01TG
0.98,1.0,0.98,400.0,500.0,0.0,0.0,200.0,7700.0,1.0,6,im,1,01TG
0.75,0.87,0.83,800.0,1500.0,2600.0,1500.0,1500.0,4300.0,2.0,7,im,1,01TG
0.96,0.98,0.93,-200.0,500.0,500.0,-500.0,0.0,7500.0,2.0,8,im,1,01TG
0.8,1.0,0.96,2090.0,1500.0,6500.0,1500.0,1500.0,6000.0,1.0,9,im,1,01TG
0.9,0.98,0.92,700.0,500.0,7900.0,500.0,100.0,6700.0,2.0,10,im,1,01TG
0.78,1.0,0.91,2390.0,500.0,500.0,-500.0,-500.0,5100.0,1.0,11,im,1,01TG
0.82,0.88,0.81,1200.0,600.0,4600.0,600.0,600.0,4000.0,2.0,12,im,1,01TG
0.8,0.9,0.88,190.0,600.0,4100.0,600.0,600.0,3200.0,5.0,13,im,1,01TG
0.46,0.45,0.47,1100.0,500.0,500.0,-500.0,-300.0,2500.0,3.0,14,im,1,01TG
0.88,0.97,0.92,800.0,1100.0,7800.0,1100.0,1100.0,7300.0,2.0,15,im,1,01TG
0.58,0.52,0.5,1500.0,500.0,2600.0,500.0,300.0,2500.0,5.0,16,im,1,01TG
0.8,0.92,0.87,1800.0,500.0,500.0,-500.0,0.0,6100.0,2.0,17,im,1,01TG
0.51,0.3,0.28,-500.0,500.0,500.0,-500.0,-100.0,2000.0,3.0,18,im,1,01TG
0.78,0.88,0.86,2490.0,700.0,6100.0,700.0,700.0,2700.0,2.0,19,im,1,01TG
0.89,0.92,0.9,-500.0,800.0,1800.0,800.0,800.0,6300.0,3.0,0,im,2,01TG
0.83,0.95,0.93,1400.0,1100.0,7200.0,1100.0,1100.0,6600.0,1.0,1,im,2,01TG
0.81,0.96,0.9,2490.0,500.0,6100.0,500.0,300.0,5700.0,1.0,2,im,2,01TG
0.54,0.6,0.61,1700.0,500.0,500.0,-500.0,-500.0,3100.0,3.0,3,im,2,01TG
0.87,1.0,0.97,1090.0,500.0,0.0,0.0,200.0,6900.0,1.0,4,im,2,01TG
0.73,0.8,0.75,800.0,1100.0,3000.0,1100.0,1100.0,3400.0,3.0,5,im,2,01TG
0.64,0.65,0.64,500.0,500.0,500.0,-500.0,-500.0,3300.0,4.0,6,im,2,01TG
0.89,1.0,0.91,1100.0,600.0,7500.0,600.0,600.0,7000.0,1.0,7,im,2,01TG
0.48,0.38,0.41,1400.0,700.0,1300.0,700.0,700.0,1600.0,4.0,8,im,2,01TG
0.96,1.0,0.97,-400.0,500.0,0.0,0.0,200.0,6900.0,2.0,9,im,2,01TG
0.92,1.0,0.91,-300.0,700.0,7900.0,700.0,700.0,7400.0,1.0,10,im,2,01TG
0.88,0.92,0.85,800.0,500.0,3700.0,500.0,300.0,3900.0,2.0,11,im,2,01TG
0.51,0.42,0.37,1100.0,900.0,1700.0,900.0,300.0,2400.0,2.0,12,im,2,01TG
0.95,0.95,0.83,-300.0,500.0,0.0,0.0,400.0,8000.0,1.0,13,im,2,01TG
0.73,0.78,0.72,300.0,500.0,500.0,-500.0,-500.0,4300.0,2.0,14,im,2,01TG
0.76,0.88,0.83,2090.0,500.0,1000.0,500.0,-500.0,4300.0,3.0,15,im,2,01TG
0.51,0.92,0.9,190.0,0.0,5900.0,0.0,-1000.0,5400.0,2.0,16,im,2,01TG
0.51,0.58,0.61,-500.0,500.0,500.0,-500.0,-500.0,2100.0,5.0,17,im,2,01TG
0.86,0.92,0.79,1690.0,500.0,500.0,-500.0,-100.0,4400.0,4.0,18,im,2,01TG
0.75,1.0,0.93,-500.0,3000.0,0.0,0.0,3000.0,6900.0,2.0,19,im,2,01TG
0.79,1.0,0.96,-500.0,1700.0,0.0,0.0,1700.0,6300.0,3.0,0,im,3,01TG
0.75,0.96,0.89,2390.0,1600.0,6200.0,1600.0,1600.0,5700.0,1.0,1,im,3,01TG
0.81,0.98,0.86,1300.0,1100.0,7300.0,1100.0,1100.0,6800.0,1.0,2,im,3,01TG
0.71,0.73,0.7,1200.0,500.0,2800.0,500.0,400.0,3100.0,4.0,3,im,3,01TG
0.61,0.75,0.68,1600.0,500.0,500.0,-500.0,-500.0,2800.0,2.0,4,im,3,01TG
0.68,0.77,0.72,1600.0,1000.0,1200.0,1000.0,1000.0,4400.0,4.0,5,im,3,01TG
0.87,0.92,0.82,1090.0,600.0,5900.0,600.0,600.0,4800.0,3.0,6,im,3,01TG
0.65,0.84,0.73,2390.0,500.0,500.0,-500.0,-500.0,2900.0,2.0,7,im,3,01TG
0.74,0.92,0.81,2590.0,1200.0,6000.0,1200.0,1200.0,5500.0,1.0,8,im,3,01TG
0.56,0.75,0.66,1000.0,3400.0,2400.0,-2400.0,3400.0,2100.0,4.0,9,im,3,01TG
0.47,0.53,0.51,1400.0,500.0,500.0,-500.0,-500.0,2300.0,3.0,10,im,3,01TG
0.84,0.95,0.87,-400.0,500.0,7300.0,500.0,500.0,6800.0,1.0,11,im,3,01TG
0.63,0.77,0.68,1700.0,600.0,700.0,600.0,-500.0,2700.0,3.0,12,im,3,01TG
0.92,0.97,0.87,500.0,600.0,0.0,0.0,600.0,7600.0,1.0,13,im,3,01TG
0.86,0.98,0.86,2290.0,600.0,6300.0,600.0,600.0,5900.0,1.0,14,im,3,01TG
0.36,0.35,0.4,3400.0,500.0,900.0,500.0,-500.0,2000.0,2.0,15,im,3,01TG
0.8,0.95,0.86,1300.0,500.0,500.0,-500.0,-100.0,5100.0,2.0,16,im,3,01TG
0.4,0.42,0.43,2590.0,500.0,500.0,-500.0,-500.0,2100.0,1.0,17,im,3,01TG
0.69,0.68,0.67,2190.0,500.0,4100.0,500.0,400.0,3600.0,2.0,18,im,3,01TG
0.89,1.0,0.97,1990.0,700.0,6600.0,700.0,700.0,6100.0,1.0,19,im,3,01TG
0.71,0.92,0.82,-300.0,2400.0,1300.0,-1300.0,2400.0,5700.0,3.0,0,qm,1,01TG
0.81,0.97,0.85,100.0,1100.0,7100.0,1100.0,1100.0,6600.0,4.0,1,qm,1,01TG
0.75,0.9,0.81,-500.0,1100.0,1000.0,-1000.0,-500.0,6200.0,2.0,2,qm,1,01TG
0.83,0.98,0.85,600.0,1600.0,0.0,0.0,1600.0,7500.0,1.0,3,qm,1,01TG
0.87,0.82,0.72,300.0,500.0,1400.0,500.0,400.0,5600.0,2.0,4,qm,1,01TG
0.83,0.96,0.85,290.0,2000.0,0.0,0.0,2000.0,6900.0,2.0,5,qm,1,01TG
0.71,0.7,0.62,0.0,700.0,1600.0,700.0,700.0,2800.0,4.0,6,qm,1,01TG
0.67,0.77,0.69,1000.0,1300.0,900.0,-900.0,-500.0,3400.0,4.0,7,qm,1,01TG
0.8,0.8,0.66,0.0,500.0,900.0,500.0,-500.0,5900.0,2.0,8,qm,1,01TG
0.71,0.87,0.73,1400.0,800.0,6100.0,800.0,800.0,5600.0,2.0,9,qm,1,01TG
0.74,0.87,0.79,800.0,500.0,500.0,-500.0,-500.0,4600.0,3.0,10,qm,1,01TG
0.68,0.77,0.63,-500.0,500.0,500.0,-500.0,-500.0,1900.0,5.0,11,qm,1,01TG
0.77,0.73,0.72,600.0,500.0,500.0,-500.0,0.0,3400.0,3.0,12,qm,1,01TG
0.78,0.83,0.72,600.0,500.0,5500.0,500.0,300.0,3900.0,5.0,13,qm,1,01TG
0.78,0.98,0.86,-500.0,500.0,500.0,-500.0,-500.0,6200.0,1.0,14,qm,1,01TG
0.77,0.82,0.75,1600.0,500.0,4600.0,500.0,100.0,4200.0,3.0,15,qm,1,01TG
0.58,0.8,0.72,-100.0,1300.0,500.0,-500.0,-500.0,3500.0,3.0,16,qm,1,01TG
0.74,0.98,0.84,1300.0,2100.0,7300.0,2100.0,2100.0,5900.0,2.0,17,qm,1,01TG
0.7,0.9,0.78,-500.0,1000.0,500.0,-500.0,-500.0,4400.0,2.0,18,qm,1,01TG
0.84,0.92,0.78,200.0,500.0,0.0,0.0,500.0,5100.0,3.0,19,qm,1,01TG
0.91,0.96,0.75,290.0,500.0,500.0,-500.0,-100.0,3400.0,3.0,0,qm,2,01TG
0.6,0.62,0.6,1600.0,500.0,1300.0,500.0,500.0,2400.0,4.0,1,qm,2,01TG
0.71,0.9,0.73,-500.0,500.0,500.0,-500.0,0.0,4700.0,2.0,2,qm,2,01TG
0.42,0.48,0.49,-200.0,500.0,700.0,500.0,-500.0,2500.0,3.0,3,qm,2,01TG
0.7,0.78,0.74,600.0,800.0,600.0,-600.0,-500.0,5400.0,2.0,4,qm,2,01TG
0.59,0.56,0.54,-100.0,500.0,500.0,-500.0,-500.0,1900.0,5.0,5,qm,2,01TG
0.49,0.52,0.48,1100.0,500.0,500.0,-500.0,-500.0,2800.0,3.0,6,qm,2,01TG
0.64,0.8,0.63,1600.0,500.0,500.0,-500.0,-500.0,5100.0,1.0,7,qm,2,01TG
0.76,0.88,0.76,1000.0,500.0,500.0,-500.0,-500.0,5200.0,3.0,8,qm,2,01TG
0.85,0.88,0.75,800.0,700.0,2100.0,700.0,700.0,5000.0,2.0,9,qm,2,01TG
0.87,0.9,0.76,400.0,500.0,500.0,-500.0,-200.0,5000.0,3.0,10,qm,2,01TG
0.64,0.58,0.56,-400.0,500.0,600.0,500.0,-300.0,1900.0,7.0,11,qm,2,01TG
0.81,0.88,0.78,-500.0,500.0,4300.0,500.0,100.0,3900.0,3.0,12,qm,2,01TG
0.74,0.78,0.67,0.0,500.0,1000.0,500.0,-500.0,4100.0,4.0,13,qm,2,01TG
0.78,0.97,0.82,1400.0,500.0,500.0,-500.0,-500.0,5700.0,2.0,14,qm,2,01TG
0.5,0.28,0.36,1390.0,500.0,1200.0,500.0,200.0,1000.0,4.0,15,qm,2,01TG
0.79,0.9,0.76,600.0,500.0,500.0,-500.0,-500.0,6200.0,1.0,16,qm,2,01TG
0.88,0.9,0.73,-300.0,600.0,0.0,0.0,600.0,5000.0,4.0,17,qm,2,01TG
0.65,0.74,0.62,-500.0,500.0,500.0,-500.0,-400.0,2300.0,7.0,18,qm,2,01TG
0.76,1.0,0.85,2190.0,500.0,500.0,-500.0,-500.0,5200.0,1.0,19,qm,2,01TG
0.75,0.93,0.79,1200.0,1700.0,2300.0,1700.0,100.0,5000.0,2.0,0,qm,3,01TG
0.73,0.9,0.78,0.0,2200.0,700.0,-700.0,-500.0,6800.0,3.0,1,qm,3,01TG
0.9,0.93,0.77,-300.0,500.0,500.0,-500.0,0.0,6500.0,3.0,2,qm,3,01TG
0.83,0.95,0.81,1300.0,700.0,7300.0,700.0,700.0,5500.0,3.0,3,qm,3,01TG
0.81,0.85,0.75,-500.0,500.0,1600.0,500.0,300.0,4400.0,5.0,4,qm,3,01TG
0.78,0.88,0.71,1700.0,500.0,6900.0,500.0,400.0,4000.0,2.0,5,qm,3,01TG
0.6,0.78,0.7,-500.0,500.0,500.0,-500.0,-500.0,4400.0,3.0,6,qm,3,01TG
0.77,0.92,0.84,-500.0,1000.0,5900.0,1000.0,1000.0,5100.0,4.0,7,qm,3,01TG
0.93,1.0,0.92,0.0,1200.0,0.0,0.0,1200.0,8000.0,1.0,8,qm,3,01TG
0.72,0.92,0.82,2490.0,1600.0,6100.0,1600.0,1600.0,3100.0,2.0,9,qm,3,01TG
0.81,0.97,0.86,1200.0,500.0,500.0,-500.0,0.0,6800.0,1.0,10,qm,3,01TG
0.8,0.98,0.87,-300.0,2600.0,0.0,0.0,2600.0,8000.0,1.0,11,qm,3,01TG
0.81,0.94,0.81,1690.0,1300.0,6900.0,1300.0,1300.0,4800.0,2.0,12,qm,3,01TG
0.8,0.92,0.8,1200.0,800.0,6300.0,800.0,800.0,4700.0,3.0,13,qm,3,01TG
0.92,1.0,0.88,-300.0,1100.0,0.0,0.0,1100.0,8000.0,1.0,14,qm,3,01TG
0.8,0.87,0.78,1500.0,500.0,1600.0,500.0,500.0,4900.0,2.0,15,qm,3,01TG
0.79,0.83,0.79,-100.0,1400.0,6100.0,1400.0,1400.0,5600.0,2.0,16,qm,3,01TG
0.89,0.98,0.87,-400.0,500.0,500.0,-500.0,0.0,7800.0,1.0,17,qm,3,01TG
0.8,0.62,0.72,590.0,500.0,4000.0,500.0,300.0,2700.0,5.0,18,qm,3,01TG
0.82,0.97,0.84,-100.0,1500.0,7200.0,1500.0,1500.0,6700.0,2.0,19,qm,3,01TG
0.78,0.8,0.74,200.0,500.0,500.0,-500.0,-100.0,2000.0,4.0,0,im,1,02ES
0.65,0.66,0.69,-300.0,500.0,500.0,-500.0,-500.0,2400.0,5.0,1,im,1,02ES
0.76,0.78,0.72,190.0,500.0,5100.0,500.0,300.0,4700.0,5.0,2,im,1,02ES
0.8,0.82,0.74,-300.0,500.0,500.0,-500.0,-100.0,3500.0,4.0,3,im,1,02ES
0.56,0.67,0.64,900.0,500.0,500.0,-500.0,-500.0,2100.0,5.0,4,im,1,02ES
0.76,0.73,0.7,-500.0,500.0,600.0,500.0,-100.0,3900.0,7.0,5,im,1,02ES
0.72,0.75,0.71,0.0,500.0,500.0,-500.0,-500.0,2200.0,4.0,6,im,1,02ES
0.77,0.82,0.73,-500.0,500.0,500.0,-500.0,-500.0,3000.0,7.0,7,im,1,02ES
0.61,0.58,0.53,390.0,500.0,500.0,-500.0,-500.0,1700.0,6.0,8,im,1,02ES
0.64,0.73,0.69,-500.0,500.0,500.0,-500.0,-400.0,3100.0,4.0,9,im,1,02ES
0.74,0.78,0.7,-400.0,600.0,1200.0,600.0,600.0,2500.0,4.0,10,im,1,02ES
0.68,0.8,0.72,1500.0,1600.0,6000.0,1600.0,100.0,4600.0,4.0,11,im,1,02ES
0.58,0.62,0.61,3000.0,500.0,500.0,-500.0,-200.0,4800.0,1.0,12,im,1,02ES
0.49,0.5,0.51,1800.0,600.0,700.0,600.0,-500.0,1700.0,4.0,13,im,1,02ES
0.62,0.48,0.5,-500.0,500.0,1300.0,500.0,500.0,1500.0,7.0,14,im,1,02ES
0.69,0.83,0.75,1200.0,500.0,500.0,-500.0,-500.0,3500.0,3.0,15,im,1,02ES
0.72,0.75,0.67,700.0,500.0,500.0,-500.0,-500.0,2700.0,4.0,16,im,1,02ES
0.86,0.92,0.79,-200.0,500.0,500.0,-500.0,0.0,4300.0,5.0,17,im,1,02ES
0.62,0.68,0.63,1090.0,500.0,500.0,-500.0,-500.0,2100.0,6.0,18,im,1,02ES
0.7,0.72,0.66,-100.0,500.0,500.0,-500.0,-500.0,2300.0,6.0,19,im,1,02ES
0.92,1.0,0.84,-300.0,500.0,500.0,-500.0,-200.0,6200.0,3.0,0,im,2,02ES
0.86,0.87,0.77,-200.0,500.0,500.0,-500.0,-200.0,6500.0,2.0,1,im,2,02ES
0.69,0.75,0.7,2500.0,500.0,500.0,-500.0,0.0,3500.0,2.0,2,im,2,02ES
0.88,0.92,0.74,100.0,800.0,5100.0,800.0,800.0,4500.0,2.0,3,im,2,02ES
0.64,0.84,0.72,1090.0,1600.0,500.0,-500.0,-400.0,2500.0,3.0,4,im,2,02ES
0.78,0.74,0.65,0.0,500.0,2200.0,500.0,200.0,2000.0,6.0,5,im,2,02ES
0.79,0.83,0.73,100.0,500.0,500.0,-500.0,-500.0,3300.0,2.0,6,im,2,02ES
0.77,0.68,0.59,90.0,800.0,1900.0,800.0,800.0,2700.0,5.0,7,im,2,02ES
0.94,0.98,0.85,1090.0,500.0,500.0,-500.0,0.0,6500.0,2.0,8,im,2,02ES
0.71,0.7,0.65,2000.0,500.0,4400.0,500.0,300.0,3800.0,2.0,9,im,2,02ES
0.78,0.84,0.7,1090.0,500.0,500.0,-500.0,-500.0,2200.0,4.0,10,im,2,02ES
0.82,0.9,0.74,-400.0,500.0,500.0,-500.0,-500.0,6000.0,3.0,11,im,2,02ES
0.71,0.74,0.63,-500.0,500.0,500.0,-500.0,-500.0,3200.0,5.0,12,im,2,02ES
0.78,0.83,0.76,-200.0,500.0,500.0,-500.0,-500.0,3400.0,3.0,13,im,2,02ES
0.76,0.65,0.59,-100.0,500.0,3900.0,500.0,500.0,3600.0,4.0,14,im,2,02ES
0.8,0.76,0.68,-300.0,500.0,3300.0,500.0,200.0,3500.0,5.0,15,im,2,02ES
0.93,0.97,0.83,-400.0,800.0,0.0,0.0,800.0,8000.0,1.0,16,im,2,02ES
0.67,0.68,0.61,-500.0,500.0,4600.0,500.0,100.0,2100.0,6.0,17,im,2,02ES
0.63,0.63,0.6,0.0,500.0,500.0,-500.0,-500.0,2900.0,6.0,18,im,2,02ES
0.74,0.86,0.79,1990.0,500.0,500.0,-500.0,-500.0,3900.0,3.0,19,im,2,02ES
0.72,0.82,0.75,-400.0,1900.0,2600.0,1900.0,1900.0,4100.0,4.0,0,im,3,02ES
0.99,0.98,0.82,-500.0,500.0,0.0,0.0,200.0,8000.0,1.0,1,im,3,02ES
0.91,0.95,0.8,400.0,700.0,0.0,0.0,700.0,4600.0,2.0,2,im,3,02ES
0.68,0.65,0.59,200.0,1100.0,1100.0,-1100.0,1100.0,2800.0,6.0,3,im,3,02ES
0.88,0.94,0.78,1390.0,500.0,500.0,-500.0,-300.0,5000.0,3.0,4,im,3,02ES
0.86,0.88,0.79,200.0,500.0,500.0,-500.0,-300.0,5500.0,2.0,5,im,3,02ES
0.84,0.86,0.75,1090.0,500.0,6800.0,500.0,100.0,3300.0,5.0,6,im,3,02ES
0.64,0.76,0.66,-100.0,700.0,500.0,-500.0,-500.0,2200.0,4.0,7,im,3,02ES
0.56,0.6,0.53,1690.0,500.0,500.0,-500.0,-500.0,1600.0,4.0,8,im,3,02ES
0.73,0.62,0.55,390.0,500.0,3100.0,500.0,400.0,2400.0,6.0,9,im,3,02ES
0.79,0.92,0.82,-100.0,500.0,500.0,-500.0,-500.0,6300.0,2.0,10,im,3,02ES
0.92,1.0,0.9,-500.0,1000.0,0.0,0.0,1000.0,6900.0,2.0,11,im,3,02ES
0.63,0.62,0.62,100.0,500.0,500.0,-500.0,-500.0,2600.0,5.0,12,im,3,02ES
0.68,0.65,0.6,-500.0,500.0,500.0,-500.0,-200.0,2600.0,6.0,13,im,3,02ES
0.61,0.5,0.51,1490.0,1000.0,2500.0,1000.0,1000.0,1600.0,5.0,14,im,3,02ES
0.75,0.7,0.64,-100.0,600.0,5700.0,600.0,600.0,4700.0,3.0,15,im,3,02ES
0.56,0.63,0.55,2400.0,500.0,500.0,-500.0,-500.0,2400.0,4.0,16,im,3,02ES
0.66,0.58,0.62,-500.0,500.0,1100.0,500.0,200.0,2400.0,4.0,17,im,3,02ES
0.71,0.66,0.6,1290.0,500.0,500.0,-500.0,-100.0,2700.0,3.0,18,im,3,02ES
0.76,0.78,0.68,2600.0,500.0,6000.0,500.0,500.0,5600.0,2.0,19,im,3,02ES
0.9,0.88,0.82,-300.0,600.0,2600.0,600.0,600.0,4600.0,3.0,0,qm,1,02ES
0.77,0.83,0.82,2200.0,500.0,500.0,-500.0,0.0,5500.0,3.0,1,qm,1,02ES
0.54,0.6,0.56,2100.0,500.0,500.0,-500.0,-400.0,2700.0,5.0,2,qm,1,02ES
0.89,0.96,0.91,1590.0,700.0,7000.0,700.0,700.0,6500.0,1.0,3,qm,1,02ES
0.68,0.64,0.61,-400.0,500.0,500.0,-500.0,-500.0,3400.0,6.0,4,qm,1,02ES
0.96,1.0,0.93,1590.0,500.0,7000.0,500.0,400.0,6400.0,1.0,5,qm,1,02ES
0.71,0.8,0.76,-300.0,500.0,500.0,-500.0,0.0,2200.0,3.0,6,qm,1,02ES
0.6,0.65,0.62,700.0,500.0,500.0,-500.0,-500.0,3300.0,5.0,7,qm,1,02ES
0.78,0.83,0.78,600.0,500.0,500.0,-500.0,-100.0,5500.0,3.0,8,qm,1,02ES
0.68,0.58,0.6,-500.0,500.0,500.0,-500.0,-100.0,2400.0,5.0,9,qm,1,02ES
0.78,0.88,0.85,-400.0,1400.0,6000.0,1400.0,1400.0,5500.0,2.0,10,qm,1,02ES
0.68,0.66,0.61,-500.0,500.0,1200.0,500.0,200.0,2400.0,6.0,11,qm,1,02ES
0.56,0.95,0.92,1500.0,0.0,7100.0,0.0,-1000.0,6500.0,1.0,12,qm,1,02ES
0.89,0.92,0.91,90.0,900.0,2600.0,900.0,900.0,4500.0,3.0,13,qm,1,02ES
0.9,0.93,0.89,-100.0,500.0,500.0,-500.0,-100.0,6000.0,2.0,14,qm,1,02ES
0.74,0.76,0.74,-500.0,500.0,500.0,-500.0,-200.0,3100.0,5.0,15,qm,1,02ES
0.9,0.98,0.94,-200.0,800.0,0.0,0.0,800.0,7500.0,3.0,16,qm,1,02ES
0.7,0.8,0.73,-500.0,500.0,600.0,500.0,-500.0,5000.0,3.0,17,qm,1,02ES
0.72,0.88,0.86,1500.0,500.0,500.0,-500.0,-500.0,4400.0,3.0,18,qm,1,02ES
0.75,0.94,0.88,1990.0,500.0,500.0,-500.0,-500.0,3900.0,2.0,19,qm,1,02ES
0.31,0.48,0.49,3690.0,0.0,3000.0,0.0,-1000.0,2500.0,2.0,0,qm,2,02ES
0.81,0.9,0.83,-500.0,1000.0,6000.0,1000.0,1000.0,5500.0,3.0,1,qm,2,02ES
0.92,1.0,0.91,-500.0,500.0,500.0,-500.0,-500.0,7400.0,1.0,2,qm,2,02ES
0.76,0.77,0.69,500.0,500.0,500.0,-500.0,-400.0,3600.0,4.0,3,qm,2,02ES
0.89,0.88,0.72,-400.0,600.0,0.0,0.0,600.0,6100.0,2.0,4,qm,2,02ES
0.56,0.44,0.42,-200.0,800.0,1100.0,800.0,800.0,2300.0,6.0,5,qm,2,02ES
0.93,1.0,0.9,600.0,500.0,0.0,0.0,200.0,7400.0,1.0,6,qm,2,02ES
0.82,0.92,0.73,-100.0,500.0,500.0,-500.0,-500.0,5900.0,2.0,7,qm,2,02ES
0.6,0.48,0.49,700.0,500.0,2800.0,500.0,100.0,2300.0,5.0,8,qm,2,02ES
0.78,0.83,0.76,-300.0,600.0,500.0,-500.0,-500.0,3900.0,3.0,9,qm,2,02ES
0.95,1.0,0.89,-100.0,500.0,0.0,0.0,400.0,7300.0,2.0,10,qm,2,02ES
0.98,0.98,0.87,-500.0,500.0,0.0,0.0,200.0,8000.0,1.0,11,qm,2,02ES
0.96,1.0,0.92,-500.0,500.0,500.0,-500.0,0.0,6800.0,2.0,12,qm,2,02ES
0.98,1.0,0.94,100.0,500.0,0.0,0.0,500.0,8000.0,1.0,13,qm,2,02ES
0.82,0.88,0.81,1000.0,700.0,6200.0,700.0,700.0,3500.0,3.0,14,qm,2,02ES
0.93,0.94,0.85,0.0,500.0,1700.0,500.0,500.0,5400.0,3.0,15,qm,2,02ES
0.82,0.86,0.83,1090.0,500.0,500.0,-500.0,-100.0,4700.0,3.0,16,qm,2,02ES
0.95,1.0,0.95,1290.0,500.0,500.0,-500.0,0.0,6600.0,1.0,17,qm,2,02ES
0.87,0.84,0.82,1090.0,500.0,5500.0,500.0,500.0,4900.0,2.0,18,qm,2,02ES
0.9,1.0,0.92,-300.0,500.0,500.0,-500.0,-500.0,6300.0,2.0,19,qm,2,02ES
0.68,1.0,0.81,500.0,0.0,0.0,0.0,-1000.0,7600.0,1.0,0,qm,3,02ES
0.8,0.94,0.85,1690.0,1400.0,500.0,-500.0,-200.0,6000.0,2.0,1,qm,3,02ES
0.92,1.0,0.89,-500.0,1100.0,0.0,0.0,1100.0,8000.0,1.0,2,qm,3,02ES
0.78,0.92,0.8,-400.0,1300.0,7100.0,1300.0,1300.0,6600.0,2.0,3,qm,3,02ES
0.96,0.95,0.81,-400.0,500.0,0.0,0.0,300.0,4400.0,3.0,4,qm,3,02ES
0.98,1.0,0.9,-100.0,500.0,0.0,0.0,300.0,6900.0,2.0,5,qm,3,02ES
0.6,0.62,0.63,-400.0,500.0,500.0,-500.0,-500.0,3300.0,6.0,6,qm,3,02ES
0.96,1.0,0.93,500.0,500.0,500.0,-500.0,0.0,7500.0,1.0,7,qm,3,02ES
0.89,0.96,0.86,190.0,500.0,500.0,-500.0,-400.0,6400.0,2.0,8,qm,3,02ES
0.84,0.94,0.83,0.0,500.0,500.0,-500.0,-500.0,5900.0,2.0,9,qm,3,02ES
0.96,1.0,0.95,-500.0,500.0,0.0,0.0,100.0,6900.0,2.0,10,qm,3,02ES
0.89,1.0,0.91,-300.0,500.0,500.0,-500.0,-500.0,6300.0,2.0,11,qm,3,02ES
0.94,1.0,0.91,1290.0,500.0,0.0,0.0,100.0,6600.0,1.0,12,qm,3,02ES
0.31,0.32,0.38,2600.0,500.0,500.0,-500.0,-500.0,800.0,4.0,13,qm,3,02ES
0.88,0.98,0.9,-500.0,500.0,500.0,-500.0,-500.0,6200.0,2.0,14,qm,3,02ES
0.68,0.76,0.89,1990.0,500.0,500.0,-500.0,-500.0,4000.0,2.0,15,qm,3,02ES
0.48,0.38,0.4,5590.0,500.0,3000.0,500.0,200.0,2500.0,2.0,16,qm,3,02ES
0.13,0.03,0.12,-1000.0,500.0,500.0,-500.0,-500.0,200.0,1.0,17,qm,3,02ES
0.31,0.23,0.26,500.0,500.0,500.0,-500.0,-500.0,1300.0,2.0,18,qm,3,02ES
0.62,0.68,0.57,-400.0,2500.0,2500.0,-2500.0,2500.0,3000.0,5.0,19,qm,3,02ES
0.63,0.93,0.85,-200.0,0.0,3900.0,0.0,-1000.0,3900.0,4.0,0,im,1,03AC
0.65,0.97,0.84,1000.0,2500.0,600.0,-600.0,-500.0,5800.0,3.0,1,im,1,03AC
0.61,0.74,0.67,2490.0,500.0,500.0,-500.0,-300.0,2400.0,3.0,2,im,1,03AC
0.74,0.87,0.77,2100.0,500.0,6500.0,500.0,100.0,6000.0,1.0,3,im,1,03AC
0.88,0.95,0.9,-300.0,600.0,0.0,0.0,400.0,6100.0,5.0,4,im,1,03AC
0.69,0.85,0.79,1200.0,500.0,500.0,-500.0,-500.0,5500.0,1.0,5,im,1,03AC
0.88,0.9,0.8,600.0,500.0,0.0,0.0,100.0,7400.0,1.0,6,im,1,03AC
0.7,0.72,0.64,600.0,500.0,500.0,-500.0,-200.0,3100.0,6.0,7,im,1,03AC
0.77,0.93,0.78,1700.0,500.0,500.0,-500.0,-400.0,5900.0,1.0,8,im,1,03AC
0.54,0.82,0.8,2990.0,3500.0,5600.0,3500.0,3500.0,5100.0,1.0,9,im,1,03AC
0.79,0.83,0.72,300.0,600.0,1600.0,600.0,600.0,5100.0,3.0,10,im,1,03AC
0.66,0.78,0.73,290.0,900.0,500.0,-500.0,-500.0,3800.0,4.0,11,im,1,03AC
0.87,0.88,0.77,400.0,600.0,2300.0,600.0,600.0,5600.0,2.0,12,im,1,03AC
0.51,0.72,0.65,1600.0,1500.0,700.0,-700.0,-500.0,4500.0,3.0,13,im,1,03AC
0.69,0.88,0.83,1090.0,1500.0,5900.0,1500.0,1500.0,5400.0,2.0,14,im,1,03AC
0.7,0.88,0.74,1200.0,500.0,500.0,-500.0,-500.0,5400.0,2.0,15,im,1,03AC
0.79,0.82,0.73,1800.0,500.0,5100.0,500.0,300.0,2700.0,5.0,16,im,1,03AC
0.65,0.84,0.71,2590.0,500.0,500.0,-500.0,-500.0,4300.0,1.0,17,im,1,03AC
0.55,0.68,0.6,2990.0,500.0,500.0,-500.0,-500.0,3400.0,2.0,18,im,1,03AC
0.54,0.77,0.76,1600.0,1200.0,1200.0,-1200.0,1200.0,3000.0,3.0,19,im,1,03AC
0.78,0.95,0.86,600.0,800.0,0.0,0.0,800.0,7500.0,1.0,0,im,2,03AC
0.79,0.82,0.76,1590.0,500.0,500.0,-500.0,-100.0,4800.0,2.0,1,im,2,03AC
0.47,0.42,0.47,3300.0,800.0,600.0,-600.0,-500.0,2000.0,5.0,2,im,2,03AC
0.75,0.9,0.83,2000.0,1000.0,6600.0,1000.0,1000.0,6200.0,1.0,3,im,2,03AC
0.83,0.87,0.77,300.0,900.0,4500.0,900.0,900.0,4500.0,3.0,4,im,2,03AC
0.61,0.95,0.84,1500.0,500.0,7100.0,500.0,500.0,6600.0,1.0,5,im,2,03AC
0.67,0.83,0.76,700.0,2200.0,600.0,-600.0,-500.0,3200.0,4.0,6,im,2,03AC
0.6,0.7,0.56,2990.0,500.0,1100.0,500.0,100.0,2200.0,4.0,7,im,2,03AC
0.42,0.46,0.47,1690.0,3600.0,1200.0,-1200.0,3600.0,2600.0,3.0,8,im,2,03AC
0.62,0.7,0.66,600.0,1200.0,2000.0,1200.0,1200.0,4400.0,2.0,9,im,2,03AC
0.61,0.73,0.72,1200.0,500.0,500.0,-500.0,-500.0,1400.0,5.0,10,im,2,03AC
0.83,0.95,0.79,500.0,500.0,700.0,500.0,-400.0,6300.0,3.0,11,im,2,03AC
0.78,0.84,0.66,1390.0,800.0,1700.0,800.0,800.0,3600.0,3.0,12,im,2,03AC
0.57,0.76,0.68,2790.0,500.0,500.0,-500.0,-500.0,3100.0,3.0,13,im,2,03AC
0.79,1.0,0.94,200.0,1000.0,0.0,0.0,1000.0,7100.0,3.0,14,im,2,03AC
0.88,1.0,0.89,600.0,500.0,500.0,-500.0,-400.0,6900.0,2.0,15,im,2,03AC
0.68,0.73,0.65,500.0,500.0,500.0,-500.0,-500.0,3200.0,4.0,16,im,2,03AC
0.6,0.72,0.64,2200.0,500.0,500.0,-500.0,-500.0,3900.0,4.0,17,im,2,03AC
0.68,0.78,0.68,2890.0,500.0,500.0,-500.0,-100.0,2500.0,3.0,18,im,2,03AC
0.52,0.72,0.66,3780.0,1600.0,2800.0,1600.0,1600.0,2400.0,4.0,19,im,2,03AC
0.68,0.97,0.87,400.0,900.0,500.0,-500.0,-100.0,4800.0,2.0,0,im,3,03AC
0.81,0.82,0.8,-100.0,700.0,5600.0,700.0,100.0,5100.0,2.0,1,im,3,03AC
0.71,0.88,0.84,2890.0,1400.0,5700.0,1400.0,1400.0,5200.0,1.0,2,im,3,03AC
0.8,0.92,0.86,-500.0,500.0,500.0,-500.0,-500.0,4900.0,3.0,3,im,3,03AC
0.61,1.0,0.94,1090.0,700.0,6500.0,700.0,400.0,6000.0,2.0,4,im,3,03AC
0.49,0.88,0.84,2790.0,0.0,5800.0,0.0,-1000.0,5200.0,1.0,5,im,3,03AC
0.79,0.83,0.78,1800.0,500.0,6800.0,500.0,200.0,5200.0,2.0,6,im,3,03AC
0.82,0.93,0.86,-200.0,500.0,500.0,-500.0,-500.0,6000.0,2.0,7,im,3,03AC
0.52,0.76,0.69,0.0,0.0,1800.0,0.0,-1000.0,3100.0,6.0,8,im,3,03AC
0.62,0.92,0.83,-400.0,2100.0,500.0,-500.0,-500.0,5500.0,4.0,9,im,3,03AC
0.56,0.88,0.8,1700.0,3100.0,500.0,-500.0,-500.0,5300.0,1.0,10,im,3,03AC
0.62,1.0,0.9,800.0,0.0,7800.0,0.0,-1000.0,7300.0,1.0,11,im,3,03AC
0.75,0.98,0.88,2190.0,500.0,500.0,-500.0,-400.0,5400.0,1.0,12,im,3,03AC
0.58,0.95,0.91,1100.0,1600.0,1000.0,-1000.0,-500.0,6000.0,2.0,13,im,3,03AC
0.68,0.78,0.73,300.0,500.0,500.0,-500.0,-500.0,2400.0,5.0,14,im,3,03AC
0.72,0.93,0.87,300.0,3000.0,1400.0,-1400.0,3000.0,6700.0,2.0,15,im,3,03AC
0.54,0.88,0.84,500.0,0.0,6600.0,0.0,-1000.0,6100.0,2.0,16,im,3,03AC
0.53,0.85,0.83,2000.0,0.0,6600.0,0.0,-1000.0,6100.0,1.0,17,im,3,03AC
0.68,1.0,0.94,390.0,0.0,0.0,0.0,-1000.0,6900.0,2.0,18,im,3,03AC
0.83,0.92,0.89,1290.0,1300.0,7000.0,1300.0,1300.0,5100.0,3.0,19,im,3,03AC
0.79,0.94,0.85,1590.0,1900.0,7000.0,1900.0,1900.0,5000.0,2.0,0,qm,1,03AC
0.91,0.92,0.8,-200.0,600.0,0.0,0.0,300.0,4700.0,4.0,1,qm,1,03AC
0.77,0.8,0.76,1390.0,1300.0,1800.0,1300.0,1300.0,4600.0,2.0,2,qm,1,03AC
0.9,1.0,0.9,-500.0,1100.0,0.0,0.0,1100.0,6900.0,2.0,3,qm,1,03AC
0.78,0.9,0.82,1690.0,900.0,6000.0,900.0,900.0,5600.0,2.0,4,qm,1,03AC
0.9,1.0,0.94,100.0,1400.0,0.0,0.0,1400.0,8000.0,1.0,5,qm,1,03AC
0.65,0.84,0.75,2790.0,500.0,500.0,-500.0,-500.0,4300.0,1.0,6,qm,1,03AC
0.9,0.95,0.82,500.0,500.0,0.0,0.0,500.0,4300.0,5.0,7,qm,1,03AC
0.68,0.78,0.71,1000.0,1900.0,1100.0,-1100.0,1900.0,3400.0,5.0,8,qm,1,03AC
0.59,0.65,0.61,1100.0,500.0,500.0,-500.0,-500.0,3800.0,3.0,9,qm,1,03AC
0.79,0.97,0.86,700.0,1400.0,7900.0,1400.0,1400.0,6800.0,2.0,10,qm,1,03AC
0.81,0.93,0.83,1400.0,500.0,7200.0,500.0,200.0,6300.0,2.0,11,qm,1,03AC
0.82,0.98,0.91,1500.0,1400.0,7100.0,1400.0,1400.0,6700.0,2.0,12,qm,1,03AC
0.49,0.62,0.59,1700.0,500.0,500.0,-500.0,-500.0,3700.0,1.0,13,qm,1,03AC
0.74,0.82,0.74,2790.0,800.0,2800.0,800.0,800.0,2700.0,3.0,14,qm,1,03AC
0.74,0.87,0.78,1700.0,500.0,500.0,-500.0,-300.0,5100.0,3.0,15,qm,1,03AC
0.71,0.9,0.8,1500.0,500.0,500.0,-500.0,-100.0,3900.0,2.0,16,qm,1,03AC
0.8,0.9,0.84,600.0,500.0,500.0,-500.0,-500.0,6400.0,1.0,17,qm,1,03AC
0.64,0.74,0.71,-500.0,2300.0,2200.0,-2200.0,2300.0,3000.0,4.0,18,qm,1,03AC
0.84,0.96,0.88,1590.0,1200.0,7000.0,1200.0,1200.0,5100.0,2.0,19,qm,1,03AC
0.78,0.86,0.78,590.0,800.0,5900.0,800.0,800.0,5300.0,2.0,0,qm,2,03AC
0.77,0.84,0.79,1290.0,1400.0,4900.0,1400.0,1400.0,4500.0,4.0,1,qm,2,03AC
0.81,0.92,0.8,1390.0,1700.0,0.0,0.0,1700.0,4000.0,2.0,2,qm,2,03AC
0.75,0.82,0.74,-500.0,700.0,4000.0,700.0,700.0,3400.0,4.0,3,qm,2,03AC
0.87,0.95,0.85,300.0,700.0,800.0,700.0,-500.0,7200.0,2.0,4,qm,2,03AC
0.62,0.88,0.79,-500.0,3700.0,3500.0,-3500.0,3700.0,2900.0,5.0,5,qm,2,03AC
0.68,0.78,0.7,2790.0,500.0,1100.0,500.0,200.0,4000.0,2.0,6,qm,2,03AC
0.73,0.78,0.73,700.0,500.0,600.0,500.0,-300.0,4400.0,3.0,7,qm,2,03AC
0.78,0.92,0.79,2090.0,500.0,500.0,-500.0,-300.0,4900.0,3.0,8,qm,2,03AC
0.71,0.92,0.82,1600.0,500.0,500.0,-500.0,-500.0,3400.0,2.0,9,qm,2,03AC
0.52,0.72,0.7,900.0,1800.0,600.0,-600.0,-500.0,4200.0,3.0,10,qm,2,03AC
0.67,0.75,0.69,1900.0,1000.0,2100.0,1000.0,1000.0,4000.0,3.0,11,qm,2,03AC
0.68,0.8,0.73,1790.0,1100.0,500.0,-500.0,-500.0,3200.0,3.0,12,qm,2,03AC
0.88,0.88,0.78,200.0,500.0,7000.0,500.0,100.0,3800.0,4.0,13,qm,2,03AC
0.74,0.92,0.83,1400.0,500.0,500.0,-500.0,-500.0,5500.0,2.0,14,qm,2,03AC
0.77,0.9,0.82,2490.0,600.0,6100.0,600.0,600.0,5600.0,1.0,15,qm,2,03AC
0.91,0.98,0.84,1790.0,800.0,6800.0,800.0,800.0,6300.0,1.0,16,qm,2,03AC
0.8,1.0,0.88,1890.0,1100.0,900.0,-900.0,-500.0,5600.0,2.0,17,qm,2,03AC
0.86,0.85,0.77,700.0,500.0,2000.0,500.0,200.0,5500.0,3.0,18,qm,2,03AC
0.77,0.85,0.76,-500.0,500.0,500.0,-500.0,-500.0,5200.0,3.0,19,qm,2,03AC
0.51,0.92,0.85,1600.0,0.0,900.0,0.0,-500.0,5400.0,3.0,0,qm,3,03AC
0.65,0.98,0.83,1690.0,2000.0,6900.0,2000.0,2000.0,5200.0,2.0,1,qm,3,03AC
0.72,0.98,0.86,1990.0,1300.0,6600.0,1300.0,1300.0,6100.0,1.0,2,qm,3,03AC
0.84,1.0,0.88,90.0,1700.0,0.0,0.0,1700.0,5900.0,2.0,3,qm,3,03AC
0.74,1.0,0.88,2290.0,2000.0,6300.0,2000.0,2000.0,5800.0,1.0,4,qm,3,03AC
0.85,0.77,0.68,400.0,500.0,1300.0,500.0,300.0,4700.0,3.0,5,qm,3,03AC
0.73,0.93,0.81,1400.0,500.0,500.0,-500.0,-500.0,5400.0,1.0,6,qm,3,03AC
0.74,0.88,0.77,1300.0,500.0,500.0,-500.0,-500.0,5200.0,2.0,7,qm,3,03AC
0.66,0.77,0.72,1000.0,500.0,500.0,-500.0,-500.0,5300.0,1.0,8,qm,3,03AC
0.72,0.84,0.74,1590.0,1500.0,900.0,-900.0,-500.0,5100.0,2.0,9,qm,3,03AC
0.83,0.9,0.76,1590.0,900.0,1400.0,900.0,900.0,5300.0,2.0,10,qm,3,03AC
0.74,1.0,0.82,-200.0,1500.0,500.0,-500.0,-500.0,5300.0,4.0,11,qm,3,03AC
0.67,0.9,0.75,300.0,3500.0,0.0,0.0,3500.0,4800.0,4.0,12,qm,3,03AC
0.81,0.97,0.8,0.0,1700.0,1600.0,-1600.0,1700.0,5700.0,4.0,13,qm,3,03AC
0.75,0.82,0.67,1800.0,800.0,1700.0,800.0,800.0,3500.0,3.0,14,qm,3,03AC
0.69,0.82,0.67,1200.0,500.0,500.0,-500.0,-500.0,3000.0,2.0,15,qm,3,03AC
0.81,0.93,0.83,600.0,1600.0,0.0,0.0,1600.0,7600.0,1.0,16,qm,3,03AC
0.84,0.86,0.74,1190.0,600.0,1400.0,600.0,600.0,3700.0,5.0,17,qm,3,03AC
0.76,0.83,0.74,0.0,700.0,600.0,-600.0,-500.0,5400.0,4.0,18,qm,3,03AC
0.67,0.58,0.56,100.0,500.0,3400.0,500.0,300.0,3000.0,3.0,19,qm,3,03AC
0.82,0.83,0.82,200.0,1300.0,1300.0,-1300.0,1300.0,6000.0,2.0,0,im,1,04AB
0.57,0.98,0.9,2290.0,0.0,6300.0,0.0,-1000.0,4800.0,4.0,1,im,1,04AB
0.69,0.74,0.72,590.0,500.0,500.0,-500.0,-500.0,2700.0,5.0,2,im,1,04AB
0.64,1.0,0.89,1290.0,0.0,0.0,0.0,-1000.0,6700.0,1.0,3,im,1,04AB
0.85,0.88,0.86,-500.0,600.0,2400.0,600.0,600.0,4400.0,3.0,4,im,1,04AB
0.73,0.73,0.71,400.0,500.0,500.0,-500.0,0.0,4400.0,4.0,5,im,1,04AB
0.81,1.0,0.89,2090.0,1000.0,6500.0,1000.0,1000.0,6000.0,1.0,6,im,1,04AB
0.77,0.97,0.87,-100.0,2100.0,1500.0,-1500.0,2100.0,6900.0,2.0,7,im,1,04AB
0.82,0.95,0.9,1500.0,600.0,7100.0,600.0,600.0,6500.0,2.0,8,im,1,04AB
0.84,0.92,0.86,700.0,700.0,1700.0,700.0,700.0,5600.0,3.0,9,im,1,04AB
0.58,0.84,0.83,-500.0,0.0,2000.0,0.0,-1000.0,4400.0,2.0,10,im,1,04AB
0.69,0.97,0.94,100.0,2100.0,0.0,0.0,2100.0,7100.0,2.0,11,im,1,04AB
0.75,0.9,0.86,0.0,2400.0,2100.0,-2100.0,2400.0,5000.0,3.0,12,im,1,04AB
0.83,0.96,0.93,1290.0,1200.0,600.0,-600.0,-500.0,5400.0,4.0,13,im,1,04AB
0.92,0.96,0.88,1090.0,600.0,0.0,0.0,600.0,6900.0,1.0,14,im,1,04AB
0.77,0.83,0.79,200.0,900.0,600.0,-600.0,-500.0,4400.0,3.0,15,im,1,04AB
0.81,0.9,0.84,400.0,500.0,900.0,500.0,-400.0,4900.0,5.0,16,im,1,04AB
0.73,0.8,0.76,1700.0,500.0,1800.0,500.0,200.0,4300.0,2.0,17,im,1,04AB
0.81,0.93,0.88,300.0,1500.0,600.0,-600.0,-200.0,4000.0,3.0,18,im,1,04AB
0.81,0.82,0.82,-100.0,500.0,500.0,-500.0,-100.0,3600.0,5.0,19,im,1,04AB
0.67,0.62,0.57,0.0,500.0,1800.0,500.0,500.0,2300.0,4.0,0,im,2,04AB
0.71,0.9,0.78,2690.0,1400.0,5900.0,1400.0,1400.0,5400.0,1.0,1,im,2,04AB
0.72,0.8,0.76,1500.0,500.0,500.0,-500.0,-100.0,3400.0,3.0,2,im,2,04AB
0.8,0.9,0.79,1500.0,500.0,7100.0,500.0,200.0,6200.0,3.0,3,im,2,04AB
0.55,0.7,0.68,2790.0,2000.0,3200.0,2000.0,100.0,2400.0,3.0,4,im,2,04AB
0.83,0.95,0.86,1300.0,500.0,7300.0,500.0,100.0,4000.0,2.0,5,im,2,04AB
0.74,0.95,0.84,1600.0,1800.0,7000.0,1800.0,1800.0,6500.0,1.0,6,im,2,04AB
0.62,0.77,0.64,1300.0,500.0,500.0,-500.0,-500.0,3200.0,4.0,7,im,2,04AB
0.8,0.76,0.72,1090.0,500.0,2100.0,500.0,200.0,3400.0,3.0,8,im,2,04AB
0.84,0.92,0.84,300.0,1400.0,1500.0,1400.0,1400.0,6100.0,3.0,9,im,2,04AB
0.5,0.47,0.44,4500.0,1200.0,4100.0,1200.0,1200.0,3600.0,1.0,10,im,2,04AB
0.71,0.78,0.73,600.0,500.0,500.0,-500.0,-500.0,5700.0,2.0,11,im,2,04AB
0.6,0.72,0.64,3390.0,2700.0,3800.0,2700.0,2700.0,3300.0,4.0,12,im,2,04AB
0.64,0.68,0.63,1800.0,500.0,4200.0,500.0,300.0,3300.0,7.0,13,im,2,04AB
0.54,0.84,0.75,2490.0,3200.0,1400.0,-1400.0,3200.0,3900.0,2.0,14,im,2,04AB
0.54,0.88,0.78,1200.0,0.0,3700.0,0.0,-1000.0,3500.0,3.0,15,im,2,04AB
0.59,0.7,0.7,2200.0,500.0,500.0,-500.0,-500.0,2700.0,3.0,16,im,2,04AB
0.48,0.66,0.61,1290.0,3900.0,1900.0,-1900.0,3900.0,3200.0,3.0,17,im,2,04AB
0.49,0.52,0.52,-500.0,1000.0,1800.0,1000.0,1000.0,1600.0,5.0,18,im,2,04AB
0.78,0.83,0.77,700.0,500.0,500.0,-500.0,0.0,4100.0,3.0,19,im,2,04AB
0.74,0.78,0.69,1100.0,600.0,2300.0,600.0,600.0,2400.0,4.0,0,im,3,04AB
0.72,0.8,0.69,0.0,500.0,500.0,-500.0,-500.0,4900.0,3.0,1,im,3,04AB
0.71,0.72,0.64,200.0,500.0,500.0,-500.0,-300.0,5100.0,2.0,2,im,3,04AB
0.65,0.9,0.78,2590.0,1900.0,500.0,-500.0,-300.0,5100.0,2.0,3,im,3,04AB
0.8,0.98,0.83,1400.0,500.0,500.0,-500.0,-400.0,6300.0,1.0,4,im,3,04AB
0.74,0.88,0.74,2890.0,500.0,500.0,-500.0,-200.0,5100.0,1.0,5,im,3,04AB
0.6,0.66,0.65,2190.0,500.0,500.0,-500.0,-100.0,1600.0,4.0,6,im,3,04AB
0.79,0.95,0.82,1000.0,500.0,500.0,-500.0,-500.0,6000.0,1.0,7,im,3,04AB
0.76,0.9,0.76,1300.0,500.0,7300.0,500.0,500.0,4300.0,2.0,8,im,3,04AB
0.69,0.83,0.72,1900.0,1500.0,6700.0,1500.0,1500.0,4400.0,3.0,9,im,3,04AB
0.62,0.67,0.58,2500.0,600.0,2100.0,600.0,600.0,3600.0,3.0,10,im,3,04AB
0.79,0.87,0.78,1000.0,700.0,2000.0,700.0,700.0,4300.0,3.0,11,im,3,04AB
0.66,0.82,0.7,1800.0,500.0,500.0,-500.0,-500.0,4200.0,2.0,12,im,3,04AB
0.68,0.7,0.59,500.0,500.0,500.0,-500.0,-500.0,3200.0,4.0,13,im,3,04AB
0.82,0.88,0.79,190.0,500.0,5800.0,500.0,200.0,4300.0,4.0,14,im,3,04AB
0.6,0.73,0.65,1800.0,500.0,500.0,-500.0,-500.0,4000.0,2.0,15,im,3,04AB
0.72,0.78,0.67,1100.0,500.0,500.0,-500.0,-300.0,3000.0,4.0,16,im,3,04AB
0.77,0.82,0.75,500.0,1600.0,1800.0,1600.0,300.0,4600.0,3.0,17,im,3,04AB
0.46,0.65,0.61,100.0,0.0,1500.0,0.0,-1000.0,3500.0,3.0,18,im,3,04AB
0.66,0.77,0.68,1900.0,1400.0,6700.0,1400.0,300.0,3500.0,3.0,19,im,3,04AB
0.54,0.56,0.59,3390.0,600.0,1900.0,600.0,600.0,1800.0,2.0,0,qm,1,04AB
0.63,0.67,0.6,1400.0,800.0,3500.0,800.0,800.0,2900.0,5.0,1,qm,1,04AB
0.75,0.78,0.91,1790.0,500.0,500.0,-500.0,-100.0,4700.0,2.0,2,qm,1,04AB
0.62,0.68,0.64,1500.0,500.0,500.0,-500.0,-200.0,3700.0,3.0,3,qm,1,04AB
0.64,0.78,0.71,90.0,500.0,500.0,-500.0,-500.0,2800.0,3.0,4,qm,1,04AB
0.55,0.62,0.62,1800.0,1900.0,4000.0,1900.0,1900.0,2600.0,5.0,5,qm,1,04AB
0.79,0.9,0.77,1200.0,500.0,500.0,-500.0,-100.0,4200.0,3.0,6,qm,1,04AB
0.61,0.76,0.68,2490.0,500.0,500.0,-500.0,-500.0,2300.0,4.0,7,qm,1,04AB
0.62,0.72,0.59,1800.0,600.0,800.0,600.0,-500.0,2600.0,5.0,8,qm,1,04AB
0.59,0.77,0.67,1800.0,500.0,500.0,-500.0,-500.0,4500.0,1.0,9,qm,1,04AB
0.42,0.53,0.5,2200.0,500.0,500.0,-500.0,-500.0,2100.0,4.0,10,qm,1,04AB
0.6,0.9,0.8,2190.0,2100.0,500.0,-500.0,-500.0,4800.0,2.0,11,qm,1,04AB
0.71,0.68,0.64,400.0,500.0,500.0,-500.0,-200.0,3400.0,3.0,12,qm,1,04AB
0.5,0.83,0.75,1400.0,0.0,800.0,0.0,-500.0,3400.0,4.0,13,qm,1,04AB
0.79,0.8,0.73,0.0,500.0,500.0,-500.0,-500.0,5400.0,5.0,14,qm,1,04AB
0.65,0.82,0.78,2000.0,1400.0,6600.0,1400.0,1400.0,6000.0,1.0,15,qm,1,04AB
0.54,0.67,0.6,-500.0,500.0,500.0,-500.0,-500.0,3300.0,3.0,16,qm,1,04AB
0.85,0.92,0.82,2190.0,500.0,6400.0,500.0,300.0,5800.0,1.0,17,qm,1,04AB
0.6,0.74,0.7,1090.0,500.0,500.0,-500.0,-500.0,3700.0,2.0,18,qm,1,04AB
0.6,0.58,0.53,400.0,500.0,500.0,-500.0,-500.0,4100.0,2.0,19,qm,1,04AB
0.5,0.54,0.5,1590.0,3000.0,1100.0,-1100.0,3000.0,2200.0,4.0,0,qm,2,04AB
0.52,0.68,0.61,200.0,2300.0,500.0,-500.0,-500.0,4200.0,5.0,1,qm,2,04AB
0.67,0.8,0.68,700.0,1200.0,500.0,-500.0,-300.0,3800.0,5.0,2,qm,2,04AB
0.61,0.7,0.62,500.0,500.0,500.0,-500.0,-500.0,2300.0,6.0,3,qm,2,04AB
0.57,0.52,0.47,300.0,500.0,500.0,-500.0,-500.0,1700.0,5.0,4,qm,2,04AB
0.75,0.96,0.75,390.0,500.0,500.0,-500.0,-200.0,5300.0,3.0,5,qm,2,04AB
0.64,0.8,0.71,1800.0,500.0,500.0,-500.0,-500.0,4900.0,2.0,6,qm,2,04AB
0.8,0.88,0.76,300.0,500.0,500.0,-500.0,-500.0,3600.0,2.0,7,qm,2,04AB
0.51,0.6,0.6,1600.0,500.0,500.0,-500.0,-500.0,3200.0,2.0,8,qm,2,04AB
0.78,0.9,0.74,1700.0,500.0,500.0,-500.0,-200.0,6100.0,2.0,9,qm,2,04AB
0.78,0.95,0.87,1400.0,500.0,500.0,-500.0,0.0,4300.0,2.0,10,qm,2,04AB
0.8,0.98,0.84,500.0,1200.0,7200.0,1200.0,1200.0,6700.0,2.0,11,qm,2,04AB
0.83,0.87,0.78,0.0,1300.0,2200.0,1300.0,1300.0,5700.0,3.0,12,qm,2,04AB
0.67,0.72,0.67,1700.0,500.0,4500.0,500.0,500.0,4100.0,2.0,13,qm,2,04AB
0.88,0.96,0.79,0.0,500.0,500.0,-500.0,-100.0,6600.0,2.0,14,qm,2,04AB
0.89,0.96,0.78,1490.0,600.0,0.0,0.0,600.0,3700.0,2.0,15,qm,2,04AB
0.69,0.92,0.81,1290.0,2500.0,600.0,-600.0,-500.0,3000.0,3.0,16,qm,2,04AB
0.69,0.88,0.75,1890.0,500.0,500.0,-500.0,-500.0,4600.0,3.0,17,qm,2,04AB
0.53,0.6,0.54,1300.0,500.0,500.0,-500.0,-500.0,2200.0,5.0,18,qm,2,04AB
0.59,0.8,0.74,1800.0,2400.0,6800.0,2400.0,2400.0,4300.0,3.0,19,qm,2,04AB
0.69,0.93,0.83,800.0,2900.0,6000.0,2900.0,2900.0,5300.0,3.0,0,im,1,06KK
0.71,0.64,0.62,190.0,600.0,3800.0,600.0,600.0,3500.0,5.0,1,im,1,06KK
0.54,0.48,0.45,-100.0,500.0,500.0,-500.0,-500.0,2100.0,8.0,2,im,1,06KK
0.33,0.33,0.32,2900.0,500.0,500.0,-500.0,-500.0,900.0,3.0,3,im,1,06KK
0.44,0.3,0.33,-200.0,1400.0,1800.0,1400.0,1400.0,1400.0,5.0,4,im,1,06KK
0.64,0.78,0.73,400.0,2000.0,1800.0,-1800.0,2000.0,4700.0,4.0,5,im,1,06KK
0.34,0.27,0.28,2500.0,1200.0,1500.0,1200.0,1200.0,1500.0,2.0,6,im,1,06KK
0.56,0.62,0.6,2900.0,900.0,600.0,-600.0,-300.0,2900.0,6.0,7,im,1,06KK
0.73,0.85,0.75,1100.0,500.0,500.0,-500.0,-500.0,3700.0,4.0,8,im,1,06KK
0.66,0.82,0.77,3190.0,1600.0,5400.0,1600.0,1600.0,4900.0,1.0,9,im,1,06KK
0.8,0.93,0.83,1300.0,1000.0,7300.0,1000.0,1000.0,6900.0,1.0,10,im,1,06KK
0.7,0.78,0.7,100.0,900.0,500.0,-500.0,-500.0,4700.0,3.0,11,im,1,06KK
0.53,0.55,0.52,2900.0,500.0,500.0,-500.0,-100.0,2700.0,3.0,12,im,1,06KK
0.56,0.64,0.64,2390.0,500.0,500.0,-500.0,-500.0,2600.0,4.0,13,im,1,06KK
0.72,0.87,0.75,1100.0,1600.0,5900.0,1600.0,1600.0,5300.0,2.0,14,im,1,06KK
0.6,0.58,0.54,3390.0,500.0,1300.0,500.0,200.0,2000.0,5.0,15,im,1,06KK
0.68,0.72,0.61,390.0,500.0,4900.0,500.0,500.0,4400.0,2.0,16,im,1,06KK
0.59,0.62,0.56,3300.0,500.0,500.0,-500.0,-100.0,4300.0,2.0,17,im,1,06KK
0.71,0.77,0.69,1800.0,700.0,2400.0,700.0,700.0,3300.0,2.0,18,im,1,06KK
0.77,0.88,0.8,2000.0,500.0,500.0,-500.0,0.0,6000.0,1.0,19,im,1,06KK
0.76,0.96,0.85,2390.0,1300.0,6200.0,1300.0,1300.0,5700.0,1.0,0,im,2,06KK
0.44,0.63,0.64,1200.0,0.0,2300.0,0.0,-1000.0,2500.0,5.0,1,im,2,06KK
0.49,0.74,0.72,1090.0,0.0,5000.0,0.0,-1000.0,4500.0,2.0,2,im,2,06KK
0.66,0.78,0.71,2300.0,800.0,1000.0,800.0,-500.0,4900.0,2.0,3,im,2,06KK
0.56,0.6,0.56,800.0,500.0,500.0,-500.0,-500.0,2200.0,5.0,4,im,2,06KK
0.71,0.87,0.76,1800.0,1400.0,6800.0,1400.0,1400.0,6300.0,1.0,5,im,2,06KK
0.62,0.58,0.59,290.0,500.0,500.0,-500.0,-500.0,2800.0,3.0,6,im,2,06KK
0.53,0.68,0.59,0.0,2800.0,5600.0,2800.0,2800.0,3000.0,2.0,7,im,2,06KK
0.59,0.88,0.75,2490.0,3400.0,1900.0,-1900.0,3400.0,3900.0,2.0,8,im,2,06KK
0.82,0.98,0.87,1200.0,1000.0,7400.0,1000.0,1000.0,7000.0,1.0,9,im,2,06KK
0.72,0.95,0.86,1400.0,2600.0,7200.0,2600.0,2600.0,6700.0,2.0,10,im,2,06KK
0.68,0.82,0.71,2990.0,1200.0,5600.0,1200.0,1200.0,4800.0,2.0,11,im,2,06KK
0.82,0.92,0.79,300.0,500.0,500.0,-500.0,-400.0,6700.0,2.0,12,im,2,06KK
0.57,0.62,0.61,4090.0,1500.0,4500.0,1500.0,1500.0,4000.0,2.0,13,im,2,06KK
0.68,0.72,0.64,3690.0,500.0,4900.0,500.0,100.0,4400.0,1.0,14,im,2,06KK
0.69,0.83,0.74,2200.0,1500.0,6400.0,1500.0,1500.0,3600.0,3.0,15,im,2,06KK
0.69,0.9,0.85,2390.0,1000.0,700.0,-700.0,-500.0,4500.0,2.0,16,im,2,06KK
0.46,0.48,0.47,4990.0,1500.0,3600.0,1500.0,1500.0,3100.0,1.0,17,im,2,06KK
0.64,0.68,0.64,400.0,500.0,500.0,-500.0,-500.0,5400.0,1.0,18,im,2,06KK
0.76,0.88,0.82,2590.0,600.0,2100.0,600.0,600.0,3800.0,2.0,19,im,2,06KK
0.77,1.0,0.91,300.0,2700.0,0.0,0.0,2700.0,7800.0,1.0,0,im,3,06KK
0.63,0.82,0.74,0.0,2000.0,3000.0,2000.0,2000.0,2700.0,3.0,1,im,3,06KK
0.75,0.9,0.79,1700.0,1100.0,6900.0,1100.0,1100.0,5200.0,2.0,2,im,3,06KK
0.71,1.0,0.85,200.0,3700.0,0.0,0.0,3700.0,7500.0,2.0,3,im,3,06KK
0.96,1.0,0.9,0.0,500.0,500.0,-500.0,0.0,8000.0,1.0,4,im,3,06KK
0.88,0.95,0.79,100.0,500.0,500.0,-500.0,0.0,6400.0,3.0,5,im,3,06KK
0.71,0.82,0.74,400.0,2100.0,1100.0,-1100.0,2100.0,4000.0,3.0,6,im,3,06KK
0.91,0.97,0.83,700.0,500.0,7900.0,500.0,400.0,7400.0,1.0,7,im,3,06KK
0.77,1.0,0.9,700.0,900.0,7900.0,900.0,900.0,7300.0,1.0,8,im,3,06KK
0.6,0.83,0.74,500.0,2300.0,1000.0,-1000.0,-500.0,4500.0,5.0,9,im,3,06KK
0.93,1.0,0.87,100.0,500.0,900.0,500.0,-400.0,7200.0,2.0,10,im,3,06KK
0.66,1.0,0.86,1200.0,2900.0,7400.0,2900.0,2900.0,6900.0,1.0,11,im,3,06KK
0.59,0.64,0.58,190.0,2500.0,2000.0,-2000.0,2500.0,3100.0,4.0,12,im,3,06KK
0.52,0.53,0.5,200.0,500.0,500.0,-500.0,-500.0,2100.0,7.0,13,im,3,06KK
0.66,0.88,0.76,300.0,3500.0,3400.0,-3400.0,3500.0,3700.0,4.0,14,im,3,06KK
0.73,1.0,0.89,1390.0,1100.0,0.0,0.0,1100.0,6600.0,1.0,15,im,3,06KK
0.82,0.94,0.81,1990.0,800.0,6600.0,800.0,800.0,6100.0,1.0,16,im,3,06KK
0.71,0.76,0.7,3090.0,500.0,4800.0,500.0,500.0,4300.0,2.0,17,im,3,06KK
0.87,1.0,0.88,1590.0,1100.0,7000.0,1100.0,1100.0,6500.0,1.0,18,im,3,06KK
0.79,0.96,0.84,-500.0,1900.0,0.0,0.0,1900.0,6600.0,1.0,19,im,3,06KK
0.75,0.92,0.9,1800.0,1500.0,6800.0,1500.0,1500.0,6300.0,1.0,0,qm,1,06KK
0.82,0.95,0.88,300.0,1000.0,500.0,-500.0,-400.0,3900.0,2.0,1,qm,1,06KK
0.45,0.52,0.5,2690.0,600.0,1000.0,600.0,-500.0,2400.0,3.0,2,qm,1,06KK
0.76,0.93,0.85,-100.0,2600.0,4900.0,2600.0,2600.0,4100.0,3.0,3,qm,1,06KK
0.46,0.56,0.55,1090.0,1600.0,600.0,-600.0,-500.0,2800.0,3.0,4,qm,1,06KK
0.65,0.82,0.76,1390.0,2300.0,600.0,-600.0,-500.0,3800.0,3.0,5,qm,1,06KK
0.55,0.58,0.56,1500.0,1900.0,4500.0,1900.0,1900.0,4100.0,3.0,6,qm,1,06KK
0.74,0.95,0.91,800.0,1600.0,7800.0,1600.0,1600.0,6200.0,2.0,7,qm,1,06KK
0.39,0.26,0.26,190.0,500.0,500.0,-500.0,-500.0,1200.0,4.0,8,qm,1,06KK
0.44,0.37,0.39,300.0,3000.0,900.0,-900.0,-500.0,3100.0,2.0,9,qm,1,06KK
0.81,0.96,0.93,2190.0,600.0,6400.0,600.0,600.0,3800.0,2.0,10,qm,1,06KK
0.76,0.92,0.89,0.0,500.0,500.0,-500.0,-500.0,5600.0,2.0,11,qm,1,06KK
0.58,0.65,0.62,1700.0,500.0,500.0,-500.0,-500.0,1700.0,5.0,12,qm,1,06KK
0.65,0.76,0.74,1690.0,500.0,500.0,-500.0,-500.0,4400.0,1.0,13,qm,1,06KK
0.82,1.0,0.93,1990.0,1100.0,6600.0,1100.0,1100.0,6100.0,1.0,14,qm,1,06KK
0.5,0.44,0.47,2590.0,500.0,2600.0,500.0,100.0,1200.0,3.0,15,qm,1,06KK
0.35,0.26,0.37,1390.0,2400.0,1500.0,-1500.0,2400.0,1300.0,4.0,16,qm,1,06KK
0.54,0.72,0.69,2690.0,500.0,500.0,-500.0,-500.0,3700.0,1.0,17,qm,1,06KK
0.71,0.78,0.72,2600.0,900.0,6000.0,900.0,900.0,5400.0,1.0,18,qm,1,06KK
0.45,0.7,0.65,300.0,0.0,1000.0,0.0,-500.0,3400.0,5.0,19,qm,1,06KK
0.53,0.8,0.7,400.0,0.0,1500.0,0.0,-1000.0,3200.0,7.0,0,qm,2,06KK
0.68,0.68,0.62,1200.0,900.0,2500.0,900.0,900.0,2900.0,6.0,1,qm,2,06KK
0.6,0.76,0.7,3590.0,1200.0,5000.0,1200.0,1200.0,4500.0,1.0,2,qm,2,06KK
0.69,0.82,0.71,1090.0,2300.0,5600.0,2300.0,2300.0,5300.0,4.0,3,qm,2,06KK
0.99,1.0,0.85,290.0,500.0,0.0,0.0,500.0,6900.0,2.0,4,qm,2,06KK
0.76,0.95,0.82,1200.0,700.0,2200.0,700.0,700.0,4800.0,2.0,5,qm,2,06KK
0.94,1.0,0.83,200.0,700.0,0.0,0.0,700.0,8000.0,1.0,6,qm,2,06KK
0.62,0.68,0.6,1300.0,1000.0,1400.0,1000.0,1000.0,3100.0,5.0,7,qm,2,06KK
0.79,0.94,0.77,1690.0,700.0,500.0,-500.0,-500.0,5900.0,1.0,8,qm,2,06KK
0.73,0.83,0.71,1200.0,1200.0,4900.0,1200.0,1200.0,4500.0,2.0,9,qm,2,06KK
0.84,0.95,0.77,-100.0,500.0,500.0,-500.0,-500.0,7000.0,1.0,10,qm,2,06KK
0.82,0.9,0.72,-300.0,500.0,7700.0,500.0,200.0,5700.0,3.0,11,qm,2,06KK
0.5,0.38,0.43,390.0,500.0,500.0,-500.0,-100.0,2000.0,6.0,12,qm,2,06KK
0.69,0.92,0.74,1400.0,600.0,6400.0,600.0,600.0,4100.0,3.0,13,qm,2,06KK
0.57,0.7,0.65,2690.0,2100.0,3700.0,2100.0,2100.0,3300.0,2.0,14,qm,2,06KK
0.45,0.72,0.66,2790.0,0.0,4900.0,0.0,-1000.0,3900.0,3.0,15,qm,2,06KK
0.76,0.82,0.72,300.0,1600.0,3400.0,1600.0,1600.0,2900.0,4.0,16,qm,2,06KK
0.65,0.73,0.66,600.0,1800.0,2500.0,1800.0,1800.0,3400.0,4.0,17,qm,2,06KK
0.78,0.88,0.77,1790.0,600.0,5000.0,600.0,600.0,4500.0,2.0,18,qm,2,06KK
0.68,0.68,0.61,100.0,1000.0,700.0,-700.0,-500.0,5100.0,2.0,19,qm,2,06KK
0.51,0.4,0.43,1590.0,1900.0,2400.0,1900.0,1900.0,2400.0,4.0,0,qm,3,06KK
0.55,0.74,0.75,2590.0,2000.0,4600.0,2000.0,2000.0,3700.0,3.0,1,qm,3,06KK
0.8,0.88,0.88,390.0,500.0,500.0,-500.0,-500.0,4200.0,4.0,2,qm,3,06KK
0.72,0.82,0.7,1390.0,1500.0,2200.0,1500.0,1500.0,2200.0,5.0,3,qm,3,06KK
0.7,0.77,0.74,700.0,500.0,500.0,-500.0,-500.0,3900.0,3.0,4,qm,3,06KK
0.64,0.73,0.67,900.0,500.0,500.0,-500.0,-500.0,4700.0,2.0,5,qm,3,06KK
0.79,0.92,0.84,1000.0,500.0,500.0,-500.0,-500.0,5100.0,2.0,6,qm,3,06KK
0.46,0.48,0.48,2000.0,500.0,500.0,-500.0,-500.0,1500.0,3.0,7,qm,3,06KK
0.75,0.92,0.86,1700.0,1800.0,6900.0,1800.0,1800.0,6400.0,2.0,8,qm,3,06KK
0.77,0.98,0.9,-300.0,1100.0,0.0,0.0,1100.0,6600.0,1.0,9,qm,3,06KK
0.63,0.88,0.81,1290.0,3500.0,5300.0,3500.0,3500.0,5000.0,3.0,10,qm,3,06KK
0.72,0.87,0.8,400.0,500.0,500.0,-500.0,-500.0,3800.0,4.0,11,qm,3,06KK
0.24,0.32,0.33,1800.0,0.0,1400.0,0.0,-1000.0,1400.0,3.0,12,qm,3,06KK
0.93,1.0,0.95,300.0,1000.0,0.0,0.0,1000.0,7800.0,1.0,13,qm,3,06KK
0.64,0.72,0.69,1090.0,500.0,500.0,-500.0,-500.0,4800.0,1.0,14,qm,3,06KK
0.69,0.9,0.9,2690.0,1600.0,5900.0,1600.0,1600.0,5400.0,1.0,15,qm,3,06KK
0.73,0.86,0.79,-100.0,1500.0,4800.0,1500.0,1500.0,4100.0,5.0,16,qm,3,06KK
0.61,0.68,0.64,1100.0,500.0,500.0,-500.0,-500.0,4400.0,3.0,17,qm,3,06KK
0.44,0.3,0.34,1290.0,600.0,900.0,600.0,-500.0,2300.0,3.0,18,qm,3,06KK
0.86,0.97,0.87,1500.0,500.0,7100.0,500.0,200.0,6600.0,1.0,19,qm,3,06KK
0.82,0.94,0.79,90.0,1300.0,500.0,-500.0,-100.0,6700.0,2.0,0,im,1,07TS
0.79,0.88,0.84,100.0,1700.0,3400.0,1700.0,1700.0,4600.0,3.0,1,im,1,07TS
0.76,0.98,0.9,-500.0,1400.0,6200.0,1400.0,1400.0,5700.0,1.0,2,im,1,07TS
0.83,0.98,0.91,1400.0,800.0,7200.0,800.0,800.0,6700.0,1.0,3,im,1,07TS
0.93,0.95,0.88,200.0,500.0,3200.0,500.0,100.0,5000.0,2.0,4,im,1,07TS
0.78,0.83,0.79,-200.0,1200.0,2900.0,1200.0,1200.0,4000.0,5.0,5,im,1,07TS
0.81,0.95,0.85,1000.0,500.0,500.0,-500.0,-300.0,5300.0,2.0,6,im,1,07TS
0.68,0.7,0.67,1000.0,500.0,900.0,500.0,-500.0,4800.0,2.0,7,im,1,07TS
0.94,0.97,0.9,200.0,500.0,500.0,-500.0,-100.0,7000.0,2.0,8,im,1,07TS
0.81,0.82,0.74,400.0,500.0,500.0,-500.0,-100.0,2300.0,6.0,9,im,1,07TS
0.96,0.97,0.87,200.0,500.0,0.0,0.0,200.0,6400.0,2.0,10,im,1,07TS
0.78,0.93,0.83,700.0,600.0,600.0,-600.0,-500.0,6000.0,2.0,11,im,1,07TS
0.76,0.82,0.76,1700.0,500.0,3400.0,500.0,400.0,3000.0,2.0,12,im,1,07TS
0.81,0.9,0.82,200.0,1000.0,6900.0,1000.0,1000.0,6400.0,2.0,13,im,1,07TS
0.72,0.73,0.65,0.0,500.0,1100.0,500.0,300.0,2300.0,6.0,14,im,1,07TS
0.64,0.7,0.64,2190.0,600.0,600.0,-600.0,-500.0,3800.0,3.0,15,im,1,07TS
0.83,0.98,0.88,700.0,1200.0,7900.0,1200.0,1200.0,5000.0,2.0,16,im,1,07TS
0.66,0.72,0.66,-500.0,1000.0,1600.0,1000.0,1000.0,3100.0,4.0,17,im,1,07TS
0.57,0.6,0.6,100.0,500.0,500.0,-500.0,-300.0,3300.0,4.0,18,im,1,07TS
0.83,0.97,0.88,-500.0,500.0,7200.0,500.0,500.0,6600.0,1.0,19,im,1,07TS
0.78,0.8,0.76,100.0,500.0,500.0,-500.0,-500.0,4300.0,3.0,0,im,2,07TS
0.62,0.7,0.66,1100.0,500.0,500.0,-500.0,-500.0,4800.0,2.0,1,im,2,07TS
0.83,0.8,0.78,-200.0,500.0,1300.0,500.0,500.0,6000.0,2.0,2,im,2,07TS
0.71,0.85,0.8,1900.0,500.0,500.0,-500.0,-400.0,5700.0,1.0,3,im,2,07TS
0.76,0.82,0.75,1700.0,500.0,1800.0,500.0,400.0,4500.0,2.0,4,im,2,07TS
0.78,0.83,0.77,400.0,500.0,500.0,-500.0,-200.0,3000.0,3.0,5,im,2,07TS
0.56,0.52,0.57,1390.0,1200.0,700.0,-700.0,-500.0,3100.0,3.0,6,im,2,07TS
0.79,1.0,0.96,390.0,1300.0,6400.0,1300.0,1300.0,5900.0,2.0,7,im,2,07TS
0.78,0.82,0.77,-100.0,500.0,500.0,-500.0,-500.0,5500.0,2.0,8,im,2,07TS
0.57,0.56,0.56,-100.0,500.0,500.0,-500.0,-500.0,2300.0,4.0,9,im,2,07TS
0.88,0.87,0.82,0.0,500.0,3600.0,500.0,200.0,4200.0,4.0,10,im,2,07TS
0.67,0.75,0.73,400.0,900.0,500.0,-500.0,-500.0,5400.0,1.0,11,im,2,07TS
0.71,0.74,0.72,0.0,900.0,1500.0,900.0,900.0,3500.0,4.0,12,im,2,07TS
0.8,0.94,0.9,-400.0,500.0,500.0,-500.0,-100.0,5200.0,3.0,13,im,2,07TS
0.94,1.0,0.98,-100.0,600.0,0.0,0.0,600.0,7300.0,2.0,14,im,2,07TS
0.13,0.0,0.01,-1000.0,1900.0,500.0,-500.0,-500.0,0.0,0.0,15,im,2,07TS
0.73,0.8,0.76,-400.0,500.0,500.0,-500.0,-100.0,4500.0,5.0,16,im,2,07TS
0.61,0.92,0.89,2590.0,2400.0,6000.0,2400.0,2400.0,5500.0,1.0,17,im,2,07TS
0.54,0.45,0.41,400.0,500.0,700.0,500.0,-500.0,2700.0,4.0,18,im,2,07TS
0.65,0.88,0.85,1400.0,1400.0,500.0,-500.0,-500.0,5100.0,3.0,19,im,2,07TS
0.72,1.0,0.95,700.0,1700.0,7900.0,1700.0,1700.0,7400.0,1.0,0,im,3,07TS
0.65,0.88,0.82,-500.0,2600.0,900.0,-900.0,-400.0,3100.0,5.0,1,im,3,07TS
0.76,0.8,0.75,500.0,500.0,500.0,-500.0,-500.0,3400.0,5.0,2,im,3,07TS
0.8,0.84,0.73,1690.0,500.0,1000.0,500.0,-500.0,3900.0,7.0,3,im,3,07TS
0.69,0.74,0.66,890.0,900.0,2300.0,900.0,900.0,3000.0,3.0,4,im,3,07TS
0.77,0.86,0.79,1290.0,1600.0,1800.0,1600.0,1600.0,5200.0,2.0,5,im,3,07TS
0.67,0.72,0.67,2590.0,500.0,1600.0,500.0,500.0,2800.0,3.0,6,im,3,07TS
0.62,0.68,0.66,800.0,1100.0,800.0,-800.0,-500.0,3600.0,6.0,7,im,3,07TS
0.51,0.66,0.65,1790.0,500.0,500.0,-500.0,-500.0,2400.0,5.0,8,im,3,07TS
0.72,0.82,0.74,400.0,500.0,500.0,-500.0,-400.0,3100.0,5.0,9,im,3,07TS
0.61,0.64,0.61,2290.0,1100.0,1600.0,1100.0,300.0,1800.0,4.0,10,im,3,07TS
0.61,0.64,0.61,1090.0,700.0,500.0,-500.0,-500.0,1700.0,5.0,11,im,3,07TS
0.76,0.93,0.82,900.0,1500.0,3900.0,1500.0,1500.0,3500.0,2.0,12,im,3,07TS
0.45,0.53,0.53,1100.0,1500.0,600.0,-600.0,-500.0,1900.0,3.0,13,im,3,07TS
0.81,0.8,0.72,0.0,500.0,500.0,-500.0,-300.0,5100.0,3.0,14,im,3,07TS
0.7,0.83,0.73,1100.0,500.0,500.0,-500.0,-500.0,3200.0,3.0,15,im,3,07TS
0.42,0.37,0.43,1800.0,900.0,800.0,-800.0,-500.0,1600.0,4.0,16,im,3,07TS
0.54,0.58,0.55,0.0,500.0,500.0,-500.0,-500.0,1600.0,4.0,17,im,3,07TS
0.58,0.73,0.7,1500.0,900.0,700.0,-700.0,-500.0,2600.0,5.0,18,im,3,07TS
0.43,0.42,0.43,700.0,1100.0,500.0,-500.0,-500.0,1500.0,3.0,19,im,3,07TS
0.91,0.93,0.8,0.0,500.0,4800.0,500.0,100.0,4400.0,3.0,0,qm,1,07TS
0.87,0.97,0.84,-100.0,500.0,7300.0,500.0,300.0,6700.0,2.0,1,qm,1,07TS
0.79,0.98,0.88,400.0,500.0,500.0,-500.0,-100.0,7300.0,2.0,2,qm,1,07TS
0.8,0.9,0.78,1090.0,500.0,5900.0,500.0,400.0,5500.0,2.0,3,qm,1,07TS
0.64,0.56,0.51,-500.0,700.0,1700.0,700.0,700.0,3000.0,2.0,4,qm,1,07TS
0.74,0.93,0.84,1000.0,1200.0,500.0,-500.0,-200.0,3700.0,3.0,5,qm,1,07TS
0.82,0.86,0.76,1090.0,1200.0,1800.0,1200.0,1200.0,4900.0,3.0,6,qm,1,07TS
0.72,0.87,0.8,900.0,1400.0,800.0,-800.0,-500.0,5100.0,5.0,7,qm,1,07TS
0.74,0.88,0.76,1190.0,1100.0,1000.0,-1000.0,-500.0,4700.0,3.0,8,qm,1,07TS
0.72,0.82,0.73,1990.0,500.0,500.0,-500.0,-200.0,4200.0,3.0,9,qm,1,07TS
0.84,0.92,0.77,1100.0,500.0,7500.0,500.0,200.0,3800.0,2.0,10,qm,1,07TS
0.72,0.82,0.7,100.0,1400.0,3700.0,1400.0,1400.0,4100.0,4.0,11,qm,1,07TS
0.59,0.65,0.64,1000.0,500.0,800.0,500.0,-500.0,3800.0,3.0,12,qm,1,07TS
0.71,0.93,0.87,1700.0,1700.0,6900.0,1700.0,1700.0,6400.0,1.0,13,qm,1,07TS
0.66,0.9,0.78,2590.0,1700.0,500.0,-500.0,-500.0,5000.0,2.0,14,qm,1,07TS
0.78,0.93,0.82,1400.0,500.0,700.0,500.0,-500.0,5700.0,2.0,15,qm,1,07TS
0.68,0.63,0.59,700.0,500.0,1900.0,500.0,300.0,1900.0,6.0,16,qm,1,07TS
0.64,0.7,0.64,1890.0,500.0,500.0,-500.0,-500.0,2400.0,3.0,17,qm,1,07TS
0.48,0.55,0.54,2400.0,2400.0,1900.0,-1900.0,2400.0,2300.0,4.0,18,qm,1,07TS
0.7,0.94,0.77,2390.0,1000.0,500.0,-500.0,-500.0,4300.0,2.0,19,qm,1,07TS
0.34,0.28,0.31,5700.0,1100.0,800.0,-800.0,-500.0,1300.0,3.0,0,qm,2,07TS
0.86,0.86,0.77,1590.0,500.0,1200.0,500.0,300.0,5200.0,2.0,1,qm,2,07TS
0.71,0.67,0.66,500.0,500.0,1800.0,500.0,500.0,3500.0,4.0,2,qm,2,07TS
0.78,0.77,0.7,-500.0,1200.0,4500.0,1200.0,1200.0,4100.0,2.0,3,qm,2,07TS
0.88,0.97,0.91,800.0,500.0,7800.0,500.0,100.0,6000.0,2.0,4,qm,2,07TS
0.79,0.94,0.88,-400.0,700.0,6100.0,700.0,700.0,5600.0,1.0,5,qm,2,07TS
0.74,0.82,0.74,-500.0,500.0,5900.0,500.0,200.0,5400.0,2.0,6,qm,2,07TS
0.81,0.74,0.74,-500.0,500.0,2500.0,500.0,300.0,3700.0,4.0,7,qm,2,07TS
0.79,1.0,0.92,1790.0,500.0,500.0,-500.0,-500.0,5600.0,1.0,8,qm,2,07TS
0.84,0.9,0.82,390.0,500.0,500.0,-500.0,0.0,3900.0,5.0,9,qm,2,07TS
0.7,0.75,0.69,1700.0,500.0,4600.0,500.0,200.0,4200.0,2.0,10,qm,2,07TS
0.79,0.72,0.71,200.0,500.0,2000.0,500.0,100.0,4300.0,4.0,11,qm,2,07TS
0.82,0.9,0.8,2290.0,500.0,2500.0,500.0,200.0,3400.0,3.0,12,qm,2,07TS
0.78,0.68,0.63,1190.0,500.0,2300.0,500.0,200.0,3000.0,4.0,13,qm,2,07TS
0.55,0.44,0.49,1090.0,500.0,500.0,-500.0,-500.0,2200.0,4.0,14,qm,2,07TS
0.67,0.77,0.71,800.0,500.0,500.0,-500.0,-500.0,2700.0,4.0,15,qm,2,07TS
0.84,0.83,0.74,0.0,500.0,500.0,-500.0,0.0,2800.0,4.0,16,qm,2,07TS
0.69,0.67,0.63,900.0,900.0,2300.0,900.0,900.0,3500.0,2.0,17,qm,2,07TS
0.47,0.42,0.42,1200.0,500.0,500.0,-500.0,-200.0,2300.0,2.0,18,qm,2,07TS
0.63,0.63,0.61,0.0,500.0,500.0,-500.0,-500.0,3200.0,2.0,19,qm,2,07TS
0.31,0.27,0.26,0.0,500.0,500.0,-500.0,-500.0,1500.0,3.0,0,qm,3,07TS
0.34,0.27,0.27,900.0,500.0,500.0,-500.0,-500.0,1100.0,3.0,1,qm,3,07TS
0.42,0.32,0.32,400.0,500.0,500.0,-500.0,-500.0,1800.0,3.0,2,qm,3,07TS
0.67,0.7,0.64,-400.0,500.0,500.0,-500.0,-500.0,2600.0,6.0,3,qm,3,07TS
0.87,0.96,0.92,1090.0,800.0,6900.0,800.0,800.0,6400.0,2.0,4,qm,3,07TS
0.78,0.96,0.9,1690.0,1900.0,6900.0,1900.0,1900.0,5400.0,2.0,5,qm,3,07TS
0.7,0.76,0.74,2090.0,500.0,500.0,-500.0,-200.0,3200.0,2.0,6,qm,3,07TS
0.89,0.92,0.85,400.0,500.0,2700.0,500.0,100.0,4300.0,4.0,7,qm,3,07TS
0.65,0.98,0.9,600.0,1100.0,500.0,-500.0,-400.0,6900.0,1.0,8,qm,3,07TS
0.83,0.93,0.88,400.0,500.0,500.0,-500.0,-500.0,4300.0,3.0,9,qm,3,07TS
0.78,0.8,0.76,-500.0,500.0,1500.0,500.0,500.0,3300.0,3.0,10,qm,3,07TS
0.59,0.6,0.56,-500.0,1400.0,2000.0,1400.0,1400.0,2500.0,4.0,11,qm,3,07TS
0.66,0.58,0.59,500.0,600.0,1700.0,600.0,600.0,3600.0,3.0,12,qm,3,07TS
0.97,1.0,0.94,0.0,500.0,0.0,0.0,500.0,8000.0,1.0,13,qm,3,07TS
0.47,0.56,0.55,2590.0,500.0,500.0,-500.0,-200.0,1300.0,3.0,14,qm,3,07TS
0.72,0.94,0.86,-400.0,500.0,500.0,-500.0,-500.0,5000.0,1.0,15,qm,3,07TS
0.66,0.68,0.61,300.0,1300.0,800.0,-800.0,-500.0,3800.0,3.0,16,qm,3,07TS
0.68,0.8,0.8,2590.0,1200.0,3900.0,1200.0,1200.0,3500.0,3.0,17,qm,3,07TS
0.91,0.9,0.85,390.0,500.0,1900.0,500.0,500.0,5100.0,3.0,18,qm,3,07TS
0.69,0.76,0.65,0.0,1300.0,1300.0,-1300.0,1300.0,3900.0,4.0,19,qm,3,07TS
0.65,0.78,0.76,500.0,2000.0,500.0,-500.0,-500.0,5500.0,2.0,0,im,1,10AS
0.77,0.87,0.85,400.0,500.0,500.0,-500.0,-500.0,6200.0,2.0,1,im,1,10AS
0.83,0.97,0.92,0.0,500.0,500.0,-500.0,-500.0,7000.0,1.0,2,im,1,10AS
0.84,0.95,0.89,300.0,500.0,500.0,-500.0,-500.0,6500.0,1.0,3,im,1,10AS
0.86,1.0,0.98,900.0,500.0,500.0,-500.0,-400.0,6600.0,1.0,4,im,1,10AS
0.81,0.95,0.92,1600.0,500.0,7000.0,500.0,300.0,6600.0,1.0,5,im,1,10AS
0.88,1.0,0.98,900.0,500.0,500.0,-500.0,-200.0,6900.0,1.0,6,im,1,10AS
0.92,0.97,0.93,0.0,800.0,0.0,0.0,800.0,8000.0,1.0,7,im,1,10AS
0.75,0.93,0.9,-100.0,600.0,500.0,-500.0,-200.0,4500.0,3.0,8,im,1,10AS
0.83,0.94,0.93,190.0,800.0,6000.0,800.0,800.0,5600.0,3.0,9,im,1,10AS
0.92,1.0,0.99,1590.0,500.0,7000.0,500.0,200.0,6500.0,1.0,10,im,1,10AS
0.8,0.98,0.96,-100.0,800.0,7500.0,800.0,800.0,5700.0,1.0,11,im,1,10AS
0.81,0.98,0.96,-500.0,700.0,800.0,700.0,-500.0,6100.0,2.0,12,im,1,10AS
0.54,0.47,0.49,1000.0,1000.0,3500.0,1000.0,1000.0,2600.0,4.0,13,im,1,10AS
0.78,0.93,0.93,-500.0,500.0,6900.0,500.0,300.0,6400.0,1.0,14,im,1,10AS
0.98,1.0,0.99,-100.0,500.0,0.0,0.0,200.0,6900.0,2.0,15,im,1,10AS
0.84,1.0,0.97,390.0,500.0,500.0,-500.0,-500.0,6000.0,2.0,16,im,1,10AS
0.84,0.98,0.95,1290.0,500.0,500.0,-500.0,-500.0,5800.0,1.0,17,im,1,10AS
0.72,1.0,0.99,400.0,900.0,0.0,0.0,900.0,7600.0,1.0,18,im,1,10AS
0.82,0.75,0.97,1580.0,1400.0,7000.0,1400.0,1400.0,2900.0,2.0,19,im,1,10AS
0.79,0.97,0.85,1200.0,500.0,500.0,-500.0,-500.0,6200.0,2.0,0,im,2,10AS
0.6,0.76,0.71,2890.0,500.0,500.0,-500.0,-500.0,4000.0,1.0,1,im,2,10AS
0.74,0.87,0.78,1900.0,500.0,500.0,-500.0,-300.0,5700.0,1.0,2,im,2,10AS
0.64,0.55,0.57,-200.0,500.0,1900.0,500.0,500.0,3400.0,4.0,3,im,2,10AS
0.84,0.93,0.85,300.0,500.0,500.0,-500.0,-500.0,7300.0,1.0,4,im,2,10AS
0.58,0.7,0.62,1500.0,500.0,500.0,-500.0,-500.0,2000.0,4.0,5,im,2,10AS
0.3,0.28,0.26,2590.0,500.0,500.0,-500.0,-500.0,1400.0,1.0,6,im,2,10AS
0.63,0.72,0.63,100.0,500.0,500.0,-500.0,-500.0,1900.0,5.0,7,im,2,10AS
0.66,0.84,0.78,2590.0,500.0,500.0,-500.0,-500.0,4400.0,1.0,8,im,2,10AS
0.47,0.43,0.46,1600.0,500.0,1300.0,500.0,100.0,2800.0,3.0,9,im,2,10AS
0.87,1.0,0.85,1390.0,1000.0,7000.0,1000.0,1000.0,6600.0,1.0,10,im,2,10AS
0.57,0.64,0.55,1090.0,500.0,500.0,-500.0,-300.0,1600.0,5.0,11,im,2,10AS
0.66,0.82,0.75,1600.0,500.0,500.0,-500.0,-500.0,2600.0,3.0,12,im,2,10AS
0.4,0.47,0.48,1900.0,500.0,3200.0,500.0,100.0,2800.0,3.0,13,im,2,10AS
0.42,0.48,0.52,2790.0,500.0,500.0,-500.0,-500.0,2000.0,3.0,14,im,2,10AS
0.76,0.9,0.83,1800.0,1000.0,6800.0,1000.0,1000.0,4100.0,2.0,15,im,2,10AS
0.74,0.9,0.82,2790.0,500.0,500.0,-500.0,-400.0,4800.0,2.0,16,im,2,10AS
0.78,0.94,0.84,2590.0,1100.0,6000.0,1100.0,1100.0,5500.0,1.0,17,im,2,10AS
0.57,0.84,0.71,1290.0,900.0,500.0,-500.0,-200.0,3100.0,3.0,18,im,2,10AS
0.2,0.12,0.22,7090.0,1800.0,1500.0,-1500.0,200.0,600.0,3.0,19,im,2,10AS
0.88,1.0,0.89,600.0,500.0,500.0,-500.0,-500.0,6900.0,1.0,0,im,3,10AS
0.61,0.63,0.59,200.0,1600.0,2300.0,1600.0,1600.0,4100.0,2.0,1,im,3,10AS
0.88,0.95,0.79,-100.0,500.0,500.0,-500.0,-500.0,4000.0,2.0,2,im,3,10AS
0.57,0.72,0.65,2790.0,500.0,500.0,-500.0,-500.0,3600.0,1.0,3,im,3,10AS
0.66,0.82,0.68,1100.0,1500.0,900.0,-900.0,-500.0,2900.0,4.0,4,im,3,10AS
0.6,0.76,0.65,2690.0,500.0,500.0,-500.0,-500.0,3500.0,2.0,5,im,3,10AS
0.66,0.8,0.71,2790.0,1700.0,4600.0,1700.0,1700.0,4300.0,3.0,6,im,3,10AS
0.68,0.78,0.69,100.0,500.0,500.0,-500.0,-500.0,3300.0,4.0,7,im,3,10AS
0.58,0.65,0.61,2800.0,500.0,500.0,-500.0,-400.0,3200.0,3.0,8,im,3,10AS
0.75,0.82,0.71,300.0,900.0,6700.0,900.0,900.0,6200.0,2.0,9,im,3,10AS
0.76,0.92,0.83,2690.0,500.0,500.0,-500.0,-500.0,4900.0,1.0,10,im,3,10AS
0.71,0.9,0.81,1800.0,500.0,500.0,-500.0,-500.0,5500.0,1.0,11,im,3,10AS
0.71,0.87,0.74,100.0,500.0,500.0,-500.0,-500.0,5300.0,2.0,12,im,3,10AS
0.73,0.82,0.67,1900.0,500.0,3600.0,500.0,500.0,3100.0,2.0,13,im,3,10AS
0.57,0.64,0.61,190.0,500.0,500.0,-500.0,-500.0,2800.0,4.0,14,im,3,10AS
0.67,0.67,0.67,300.0,500.0,500.0,-500.0,-200.0,3800.0,5.0,15,im,3,10AS
0.59,0.58,0.6,200.0,500.0,500.0,-500.0,-500.0,3300.0,4.0,16,im,3,10AS
0.77,0.88,0.74,2690.0,600.0,5900.0,600.0,600.0,3900.0,2.0,17,im,3,10AS
0.68,0.8,0.76,300.0,500.0,500.0,-500.0,-500.0,4500.0,3.0,18,im,3,10AS
0.6,0.56,0.55,2790.0,500.0,3300.0,500.0,300.0,1700.0,5.0,19,im,3,10AS
0.65,0.73,0.69,800.0,1300.0,1200.0,-1200.0,1300.0,2900.0,9.0,0,qm,1,10AS
0.89,1.0,0.95,0.0,500.0,500.0,-500.0,-400.0,7500.0,1.0,1,qm,1,10AS
0.61,1.0,0.98,-200.0,0.0,0.0,0.0,-1000.0,6300.0,3.0,2,qm,1,10AS
0.72,1.0,0.98,900.0,1800.0,7700.0,1800.0,1800.0,7200.0,1.0,3,qm,1,10AS
0.76,0.9,0.88,0.0,2800.0,0.0,0.0,2800.0,4300.0,3.0,4,qm,1,10AS
0.78,0.86,0.82,1290.0,1100.0,5600.0,1100.0,1100.0,3400.0,4.0,5,qm,1,10AS
0.68,0.88,0.85,1600.0,1600.0,7000.0,1600.0,1600.0,6500.0,1.0,6,qm,1,10AS
0.8,0.98,0.86,390.0,500.0,500.0,-500.0,-500.0,5200.0,4.0,7,qm,1,10AS
0.72,0.87,0.87,-100.0,500.0,500.0,-500.0,-500.0,4500.0,4.0,8,qm,1,10AS
0.63,0.82,0.8,190.0,2300.0,1400.0,-1400.0,2300.0,2600.0,6.0,9,qm,1,10AS
0.7,0.73,0.72,300.0,500.0,500.0,-500.0,-200.0,3800.0,4.0,10,qm,1,10AS
0.65,0.95,0.88,400.0,2400.0,2700.0,2400.0,2400.0,4600.0,3.0,11,qm,1,10AS
0.67,0.77,0.73,1300.0,500.0,500.0,-500.0,-500.0,3900.0,3.0,12,qm,1,10AS
0.68,0.82,0.78,1700.0,500.0,500.0,-500.0,-500.0,5000.0,3.0,13,qm,1,10AS
0.71,0.9,0.8,1400.0,1500.0,2200.0,1500.0,1500.0,4200.0,4.0,14,qm,1,10AS
0.62,0.82,0.77,800.0,1600.0,1500.0,-1500.0,1600.0,5400.0,2.0,15,qm,1,10AS
0.74,0.93,0.85,1400.0,500.0,500.0,-500.0,-500.0,5800.0,1.0,16,qm,1,10AS
0.68,0.8,0.77,-500.0,500.0,500.0,-500.0,-500.0,4600.0,2.0,17,qm,1,10AS
0.68,0.86,0.84,2590.0,2000.0,6000.0,2000.0,2000.0,3500.0,2.0,18,qm,1,10AS
0.84,0.97,0.91,800.0,500.0,500.0,-500.0,0.0,6600.0,2.0,19,qm,1,10AS
0.76,1.0,0.9,-500.0,1900.0,600.0,-600.0,-500.0,7000.0,1.0,0,qm,2,10AS
0.66,0.96,0.89,-100.0,2700.0,6300.0,2700.0,2700.0,5900.0,3.0,1,qm,2,10AS
0.9,0.94,0.8,-500.0,500.0,0.0,0.0,300.0,6500.0,1.0,2,qm,2,10AS
0.6,0.77,0.74,1800.0,2300.0,3800.0,2300.0,2300.0,3200.0,2.0,3,qm,2,10AS
0.69,0.87,0.82,0.0,2300.0,4700.0,2300.0,2300.0,4100.0,3.0,4,qm,2,10AS
0.56,0.94,0.92,-100.0,700.0,700.0,-700.0,-400.0,5100.0,4.0,5,qm,2,10AS
0.55,0.88,0.83,1500.0,0.0,6200.0,0.0,-1000.0,5700.0,2.0,6,qm,2,10AS
0.75,0.98,0.96,90.0,2700.0,0.0,0.0,2700.0,6900.0,2.0,7,qm,2,10AS
0.88,0.97,0.88,-100.0,1200.0,0.0,0.0,1200.0,8000.0,1.0,8,qm,2,10AS
0.68,0.78,0.7,1500.0,500.0,500.0,-500.0,-500.0,3800.0,5.0,9,qm,2,10AS
0.84,0.93,0.85,700.0,500.0,500.0,-500.0,-400.0,5800.0,2.0,10,qm,2,10AS
0.84,0.98,0.91,500.0,1300.0,0.0,0.0,1300.0,6900.0,2.0,11,qm,2,10AS
0.79,0.95,0.89,-100.0,1500.0,600.0,-600.0,-500.0,5100.0,3.0,12,qm,2,10AS
0.55,0.88,0.86,2490.0,0.0,6100.0,0.0,-1000.0,2900.0,3.0,13,qm,2,10AS
0.72,0.95,0.88,100.0,900.0,7200.0,900.0,900.0,6700.0,2.0,14,qm,2,10AS
0.79,0.88,0.84,1190.0,800.0,700.0,-700.0,-500.0,5100.0,5.0,15,qm,2,10AS
0.67,0.92,0.87,-500.0,1200.0,6000.0,1200.0,1200.0,5500.0,1.0,16,qm,2,10AS
0.56,0.83,0.75,1300.0,3700.0,5200.0,3700.0,3700.0,3600.0,5.0,17,qm,2,10AS
0.72,0.82,0.74,3090.0,500.0,500.0,-500.0,-100.0,2800.0,4.0,18,qm,2,10AS
0.73,0.83,0.82,100.0,500.0,500.0,-500.0,-500.0,5200.0,2.0,19,qm,2,10AS
0.84,0.95,0.89,100.0,1200.0,0.0,0.0,1200.0,7800.0,1.0,0,qm,3,10AS
0.8,0.94,0.88,90.0,700.0,600.0,-600.0,-200.0,5600.0,4.0,1,qm,3,10AS
0.8,0.96,0.92,-100.0,1600.0,0.0,0.0,1600.0,5400.0,3.0,2,qm,3,10AS
0.81,0.96,0.91,390.0,500.0,6100.0,500.0,300.0,5600.0,2.0,3,qm,3,10AS
0.72,0.94,0.87,-500.0,1500.0,6200.0,1500.0,1500.0,5700.0,1.0,4,qm,3,10AS
0.68,0.92,0.87,-500.0,3400.0,500.0,-500.0,-300.0,5700.0,4.0,5,qm,3,10AS
0.91,0.97,0.84,-100.0,600.0,7200.0,600.0,600.0,6600.0,3.0,6,qm,3,10AS
0.72,0.93,0.81,1400.0,1300.0,7200.0,1300.0,1300.0,6700.0,2.0,7,qm,3,10AS
0.68,0.87,0.79,1800.0,1200.0,500.0,-500.0,-500.0,5800.0,1.0,8,qm,3,10AS
0.73,0.9,0.84,2090.0,1200.0,1900.0,1200.0,300.0,4100.0,3.0,9,qm,3,10AS
0.92,0.92,0.86,200.0,500.0,1700.0,500.0,400.0,6200.0,3.0,10,qm,3,10AS
0.76,0.87,0.78,700.0,500.0,500.0,-500.0,-500.0,5800.0,1.0,11,qm,3,10AS
0.85,0.88,0.86,90.0,700.0,1300.0,700.0,700.0,5500.0,3.0,12,qm,3,10AS
0.76,0.97,0.88,1100.0,1400.0,7500.0,1400.0,1400.0,6600.0,2.0,13,qm,3,10AS
0.8,0.98,0.91,1000.0,700.0,7600.0,700.0,700.0,7100.0,1.0,14,qm,3,10AS
0.71,0.84,0.79,-100.0,900.0,500.0,-500.0,-500.0,2600.0,5.0,15,qm,3,10AS
0.77,0.94,0.83,2490.0,900.0,1200.0,900.0,900.0,4600.0,2.0,16,qm,3,10AS
0.8,0.95,0.9,0.0,500.0,500.0,-500.0,-500.0,6100.0,2.0,17,qm,3,10AS
0.63,0.72,0.64,1690.0,1200.0,500.0,-500.0,-500.0,2400.0,4.0,18,qm,3,10AS
0.77,0.83,0.76,0.0,500.0,4000.0,500.0,100.0,3500.0,3.0,19,qm,3,10AS
0.7,0.88,0.87,-200.0,1900.0,6200.0,1900.0,1900.0,3700.0,4.0,0,im,1,11AK
0.74,0.9,0.86,-500.0,1500.0,6900.0,1500.0,1500.0,4700.0,2.0,1,im,1,11AK
0.82,0.93,0.84,500.0,900.0,500.0,-500.0,-500.0,3500.0,5.0,2,im,1,11AK
0.59,0.67,0.66,2900.0,1500.0,5700.0,1500.0,1500.0,5200.0,1.0,3,im,1,11AK
0.78,0.92,0.84,1600.0,1100.0,7000.0,1100.0,1100.0,6400.0,1.0,4,im,1,11AK
0.53,0.66,0.63,3790.0,1300.0,800.0,-800.0,-500.0,3000.0,3.0,5,im,1,11AK
0.73,0.87,0.78,1600.0,500.0,500.0,-500.0,-200.0,4300.0,4.0,6,im,1,11AK
0.61,0.76,0.72,-400.0,1500.0,2000.0,1500.0,1500.0,2700.0,4.0,7,im,1,11AK
0.62,0.66,0.6,-500.0,1000.0,3200.0,1000.0,1000.0,2700.0,2.0,8,im,1,11AK
0.68,0.75,0.72,2400.0,500.0,500.0,-500.0,-200.0,3900.0,3.0,9,im,1,11AK
0.69,0.82,0.77,1700.0,500.0,500.0,-500.0,-400.0,3000.0,4.0,10,im,1,11AK
0.55,0.5,0.52,3490.0,500.0,2400.0,500.0,500.0,1600.0,6.0,11,im,1,11AK
0.74,0.88,0.81,1400.0,500.0,500.0,-500.0,-300.0,4300.0,2.0,12,im,1,11AK
0.71,0.77,0.74,400.0,500.0,500.0,-500.0,-500.0,5500.0,2.0,13,im,1,11AK
0.64,0.72,0.63,2790.0,500.0,500.0,-500.0,-200.0,2700.0,6.0,14,im,1,11AK
0.56,0.55,0.51,1700.0,500.0,2700.0,500.0,200.0,2000.0,5.0,15,im,1,11AK
0.61,0.65,0.61,400.0,500.0,500.0,-500.0,-100.0,3700.0,5.0,16,im,1,11AK
0.57,0.66,0.64,-500.0,800.0,900.0,800.0,-500.0,2900.0,3.0,17,im,1,11AK
0.74,0.78,0.73,1100.0,1000.0,1500.0,1000.0,1000.0,4000.0,4.0,18,im,1,11AK
0.56,0.6,0.58,-500.0,800.0,3400.0,800.0,800.0,2800.0,2.0,19,im,1,11AK
0.89,1.0,0.92,-500.0,500.0,500.0,-500.0,-100.0,5700.0,3.0,0,im,2,11AK
0.81,0.94,0.82,0.0,1300.0,7000.0,1300.0,1300.0,6600.0,2.0,1,im,2,11AK
0.8,0.88,0.76,1400.0,500.0,7200.0,500.0,100.0,6500.0,1.0,2,im,2,11AK
0.76,0.88,0.78,900.0,500.0,500.0,-500.0,-500.0,2500.0,4.0,3,im,2,11AK
0.56,0.62,0.59,-100.0,1700.0,1500.0,-1500.0,1700.0,1800.0,7.0,4,im,2,11AK
0.77,0.8,0.72,600.0,700.0,3400.0,700.0,700.0,2900.0,6.0,5,im,2,11AK
0.66,0.84,0.77,-500.0,500.0,500.0,-500.0,-500.0,4300.0,1.0,6,im,2,11AK
0.83,0.85,0.69,400.0,500.0,500.0,-500.0,-200.0,3200.0,5.0,7,im,2,11AK
0.72,0.77,0.68,200.0,500.0,500.0,-500.0,-500.0,4300.0,2.0,8,im,2,11AK
0.83,0.83,0.72,200.0,500.0,1500.0,500.0,400.0,3500.0,5.0,9,im,2,11AK
0.74,0.68,0.71,300.0,500.0,1800.0,500.0,500.0,3800.0,4.0,10,im,2,11AK
0.67,0.72,0.65,1800.0,500.0,1100.0,500.0,200.0,3500.0,5.0,11,im,2,11AK
0.82,0.92,0.77,1590.0,500.0,500.0,-500.0,-200.0,3700.0,4.0,12,im,2,11AK
0.76,0.8,0.75,500.0,500.0,600.0,500.0,-500.0,3700.0,4.0,13,im,2,11AK
0.63,0.58,0.55,0.0,500.0,500.0,-500.0,-200.0,3100.0,5.0,14,im,2,11AK
0.77,0.85,0.76,-500.0,500.0,500.0,-500.0,-500.0,3000.0,6.0,15,im,2,11AK
0.71,0.76,0.67,1690.0,500.0,1600.0,500.0,100.0,3400.0,3.0,16,im,2,11AK
0.67,0.68,0.62,600.0,500.0,1300.0,500.0,100.0,3000.0,6.0,17,im,2,11AK
0.63,0.6,0.57,0.0,1000.0,3200.0,1000.0,1000.0,2600.0,5.0,18,im,2,11AK
0.75,0.83,0.77,-500.0,800.0,500.0,-500.0,-400.0,4800.0,3.0,19,im,2,11AK
0.69,0.86,0.76,290.0,1900.0,2300.0,1900.0,1900.0,3800.0,4.0,0,im,3,11AK
0.79,0.77,0.71,100.0,500.0,2400.0,500.0,500.0,3100.0,4.0,1,im,3,11AK
0.58,0.55,0.57,1500.0,900.0,2300.0,900.0,900.0,2500.0,4.0,2,im,3,11AK
0.62,0.7,0.63,0.0,900.0,600.0,-600.0,-500.0,2000.0,6.0,3,im,3,11AK
0.78,0.78,0.74,-500.0,900.0,500.0,-500.0,0.0,3700.0,3.0,4,im,3,11AK
0.85,0.88,0.84,1590.0,600.0,5700.0,600.0,600.0,5200.0,2.0,5,im,3,11AK
0.77,0.75,0.68,1000.0,500.0,3600.0,500.0,200.0,3000.0,4.0,6,im,3,11AK
0.62,0.68,0.63,1900.0,500.0,1000.0,500.0,-500.0,2100.0,6.0,7,im,3,11AK
0.67,0.7,0.64,-500.0,500.0,500.0,-500.0,-500.0,1900.0,6.0,8,im,3,11AK
0.6,0.55,0.53,400.0,500.0,1500.0,500.0,300.0,2400.0,6.0,9,im,3,11AK
0.7,0.74,0.74,2190.0,800.0,1700.0,800.0,800.0,2700.0,3.0,10,im,3,11AK
0.66,0.63,0.64,300.0,500.0,1000.0,500.0,-500.0,2900.0,6.0,11,im,3,11AK
0.71,0.66,0.68,190.0,500.0,2000.0,500.0,300.0,2300.0,7.0,12,im,3,11AK
0.76,0.72,0.66,-100.0,500.0,5000.0,500.0,200.0,4600.0,4.0,13,im,3,11AK
0.65,0.73,0.7,1100.0,1600.0,2300.0,1600.0,1600.0,3900.0,2.0,14,im,3,11AK
0.68,0.75,0.68,1700.0,500.0,500.0,-500.0,-400.0,2100.0,5.0,15,im,3,11AK
0.63,0.77,0.63,2300.0,500.0,500.0,-500.0,-500.0,2400.0,3.0,16,im,3,11AK
0.52,0.52,0.53,2700.0,900.0,3500.0,900.0,900.0,3000.0,4.0,17,im,3,11AK
0.6,0.8,0.78,800.0,2400.0,700.0,-700.0,-500.0,3100.0,6.0,18,im,3,11AK
0.58,0.58,0.59,1000.0,800.0,900.0,800.0,-500.0,2500.0,6.0,19,im,3,11AK
0.87,0.94,0.83,1590.0,700.0,6200.0,700.0,700.0,5700.0,3.0,0,qm,1,11AK
0.67,0.86,0.77,-200.0,2100.0,5900.0,2100.0,2100.0,5400.0,3.0,1,qm,1,11AK
0.8,0.98,0.83,1590.0,1700.0,7000.0,1700.0,1700.0,6500.0,1.0,2,qm,1,11AK
0.58,0.7,0.7,100.0,1500.0,3100.0,1500.0,1500.0,3500.0,8.0,3,qm,1,11AK
0.72,0.92,0.82,-400.0,2600.0,500.0,-500.0,-500.0,5300.0,3.0,4,qm,1,11AK
0.74,0.94,0.83,90.0,1000.0,1100.0,1000.0,1000.0,4700.0,2.0,5,qm,1,11AK
0.68,0.76,0.66,390.0,500.0,500.0,-500.0,-500.0,2300.0,7.0,6,qm,1,11AK
0.67,0.72,0.63,500.0,500.0,500.0,-500.0,-500.0,1900.0,7.0,7,qm,1,11AK
0.75,0.66,0.6,1090.0,500.0,1300.0,500.0,200.0,1600.0,6.0,8,qm,1,11AK
0.69,0.68,0.6,800.0,600.0,1800.0,600.0,600.0,3300.0,5.0,9,qm,1,11AK
0.8,0.93,0.82,400.0,500.0,500.0,-500.0,-500.0,5700.0,3.0,10,qm,1,11AK
0.71,0.78,0.72,-500.0,600.0,2200.0,600.0,600.0,3100.0,6.0,11,qm,1,11AK
0.61,0.68,0.63,-100.0,2800.0,1100.0,-1100.0,2800.0,3200.0,7.0,12,qm,1,11AK
0.7,0.7,0.65,1790.0,500.0,500.0,-500.0,0.0,1700.0,4.0,13,qm,1,11AK
0.7,0.78,0.71,100.0,700.0,2300.0,700.0,700.0,2500.0,5.0,14,qm,1,11AK
0.79,0.85,0.77,1100.0,500.0,5200.0,500.0,500.0,4700.0,3.0,15,qm,1,11AK
0.7,0.72,0.66,0.0,500.0,3500.0,500.0,100.0,3000.0,4.0,16,qm,1,11AK
0.68,0.72,0.69,500.0,500.0,500.0,-500.0,-300.0,3400.0,8.0,17,qm,1,11AK
0.64,0.73,0.73,-100.0,500.0,500.0,-500.0,-500.0,4300.0,5.0,18,qm,1,11AK
0.59,0.77,0.73,-100.0,1100.0,500.0,-500.0,-500.0,3700.0,6.0,19,qm,1,11AK
0.28,0.27,0.28,1600.0,500.0,500.0,-500.0,-500.0,700.0,4.0,0,qm,2,11AK
0.55,0.53,0.46,1500.0,800.0,2200.0,800.0,800.0,1800.0,4.0,1,qm,2,11AK
0.3,0.34,0.37,2490.0,500.0,500.0,-500.0,-500.0,600.0,4.0,2,qm,2,11AK
0.74,0.84,0.68,2590.0,500.0,500.0,-500.0,0.0,3900.0,3.0,3,qm,2,11AK
0.84,0.92,0.79,-500.0,500.0,7700.0,500.0,300.0,6200.0,2.0,4,qm,2,11AK
0.61,0.74,0.65,2490.0,1700.0,1400.0,-1400.0,1700.0,2400.0,3.0,5,qm,2,11AK
0.76,0.9,0.78,500.0,500.0,500.0,-500.0,-500.0,5100.0,3.0,6,qm,2,11AK
0.65,0.67,0.61,-100.0,1000.0,4100.0,1000.0,200.0,3900.0,4.0,7,qm,2,11AK
0.6,0.6,0.59,3490.0,500.0,3700.0,500.0,500.0,3200.0,3.0,8,qm,2,11AK
0.83,0.95,0.81,1000.0,500.0,500.0,-500.0,-200.0,3700.0,3.0,9,qm,2,11AK
0.76,0.82,0.76,1700.0,600.0,2400.0,600.0,600.0,3700.0,4.0,10,qm,2,11AK
0.7,0.9,0.85,2590.0,1300.0,6000.0,1300.0,1300.0,5600.0,1.0,11,qm,2,11AK
0.62,0.74,0.65,2590.0,600.0,2700.0,600.0,600.0,2700.0,4.0,12,qm,2,11AK
0.7,0.77,0.73,1300.0,500.0,4300.0,500.0,200.0,2900.0,3.0,13,qm,2,11AK
0.74,0.75,0.66,1200.0,500.0,1900.0,500.0,500.0,2900.0,5.0,14,qm,2,11AK
0.59,0.72,0.67,2990.0,1000.0,1100.0,1000.0,1000.0,3600.0,4.0,15,qm,2,11AK
0.69,0.78,0.71,1800.0,1000.0,500.0,-500.0,-400.0,3100.0,5.0,16,qm,2,11AK
0.67,0.77,0.69,500.0,500.0,500.0,-500.0,-500.0,2800.0,5.0,17,qm,2,11AK
0.52,0.57,0.51,1900.0,500.0,1300.0,500.0,300.0,3200.0,3.0,18,qm,2,11AK
0.71,0.76,0.68,2290.0,700.0,500.0,-500.0,-100.0,2500.0,5.0,19,qm,2,11AK
0.85,0.9,0.87,1090.0,600.0,0.0,0.0,600.0,3900.0,3.0,0,qm,3,11AK
0.83,0.96,0.86,1190.0,1100.0,6500.0,1100.0,1100.0,3700.0,3.0,1,qm,3,11AK
0.91,0.98,0.93,400.0,500.0,7600.0,500.0,400.0,7100.0,2.0,2,qm,3,11AK
0.83,0.97,0.87,-500.0,500.0,500.0,-500.0,-300.0,5800.0,3.0,3,qm,3,11AK
0.8,0.9,0.86,1600.0,500.0,7000.0,500.0,100.0,6400.0,1.0,4,qm,3,11AK
0.78,0.9,0.85,0.0,500.0,6800.0,500.0,300.0,6300.0,1.0,5,qm,3,11AK
0.62,0.77,0.72,1800.0,2100.0,2100.0,-2100.0,2100.0,3900.0,5.0,6,qm,3,11AK
0.9,0.98,0.93,1690.0,500.0,6900.0,500.0,200.0,6300.0,1.0,7,qm,3,11AK
0.7,0.94,0.84,1190.0,2000.0,7000.0,2000.0,2000.0,6400.0,3.0,8,qm,3,11AK
0.78,0.87,0.83,-500.0,700.0,4200.0,700.0,700.0,4700.0,3.0,9,qm,3,11AK
0.9,0.98,0.92,290.0,500.0,6700.0,500.0,100.0,6200.0,3.0,10,qm,3,11AK
0.76,0.87,0.82,2000.0,500.0,1000.0,500.0,-500.0,5300.0,3.0,11,qm,3,11AK
0.77,0.87,0.84,-500.0,1200.0,500.0,-500.0,-200.0,5200.0,3.0,12,qm,3,11AK
0.55,0.75,0.7,1600.0,1000.0,500.0,-500.0,-500.0,4300.0,3.0,13,qm,3,11AK
0.73,0.88,0.84,2590.0,800.0,6000.0,800.0,800.0,4200.0,2.0,14,qm,3,11AK
0.66,0.75,0.64,1100.0,500.0,500.0,-500.0,-500.0,2400.0,8.0,15,qm,3,11AK
0.74,0.78,0.73,1000.0,500.0,1700.0,500.0,500.0,3800.0,5.0,16,qm,3,11AK
0.87,0.9,0.77,500.0,500.0,500.0,-500.0,-100.0,7000.0,3.0,17,qm,3,11AK
0.66,0.78,0.74,1500.0,500.0,600.0,500.0,-500.0,2900.0,5.0,18,qm,3,11AK
0.66,0.73,0.65,2200.0,700.0,1300.0,700.0,700.0,3500.0,5.0,19,qm,3,11AK
0.66,0.7,0.62,-500.0,500.0,500.0,-500.0,-500.0,2600.0,5.0,0,im,1,13AU
0.69,0.72,0.61,2000.0,500.0,1100.0,500.0,200.0,2300.0,3.0,1,im,1,13AU
0.72,0.63,0.58,300.0,500.0,2800.0,500.0,100.0,2000.0,9.0,2,im,1,13AU
0.58,0.8,0.72,1300.0,1500.0,500.0,-500.0,-500.0,3900.0,2.0,3,im,1,13AU
0.47,0.48,0.47,1500.0,500.0,500.0,-500.0,-400.0,2000.0,3.0,4,im,1,13AU
0.51,0.57,0.56,1100.0,1000.0,500.0,-500.0,-500.0,2300.0,6.0,5,im,1,13AU
0.5,0.52,0.45,0.0,500.0,500.0,-500.0,-500.0,2000.0,4.0,6,im,1,13AU
0.55,0.62,0.53,2090.0,500.0,500.0,-500.0,-500.0,1800.0,4.0,7,im,1,13AU
0.47,0.54,0.63,-400.0,600.0,3800.0,600.0,600.0,3800.0,6.0,8,im,1,13AU
0.69,0.8,0.72,1300.0,500.0,500.0,-500.0,-300.0,3500.0,3.0,9,im,1,13AU
0.6,0.84,0.73,1790.0,1200.0,5400.0,1200.0,1200.0,4500.0,4.0,10,im,1,13AU
0.62,0.73,0.67,-200.0,1100.0,5700.0,1100.0,1100.0,2800.0,5.0,11,im,1,13AU
0.56,0.7,0.63,-500.0,500.0,500.0,-500.0,-400.0,2800.0,4.0,12,im,1,13AU
0.46,0.52,0.52,2490.0,500.0,500.0,-500.0,-500.0,1600.0,5.0,13,im,1,13AU
0.48,0.58,0.55,1200.0,2200.0,600.0,-600.0,-500.0,1900.0,3.0,14,im,1,13AU
0.5,0.55,0.48,1800.0,1000.0,600.0,-600.0,-500.0,2000.0,6.0,15,im,1,13AU
0.53,0.58,0.58,-200.0,500.0,500.0,-500.0,-500.0,2700.0,4.0,16,im,1,13AU
0.46,0.46,0.48,2390.0,500.0,500.0,-500.0,-500.0,1600.0,6.0,17,im,1,13AU
0.51,0.54,0.52,1090.0,500.0,500.0,-500.0,-500.0,2200.0,6.0,18,im,1,13AU
0.81,0.9,0.82,1090.0,500.0,500.0,-500.0,-500.0,3700.0,2.0,19,im,1,13AU
0.76,0.92,0.82,1790.0,500.0,500.0,-500.0,-500.0,2400.0,3.0,0,im,2,13AU
0.74,0.94,0.84,2290.0,1300.0,6300.0,1300.0,1300.0,5900.0,1.0,1,im,2,13AU
0.61,0.58,0.52,700.0,500.0,500.0,-500.0,-400.0,2900.0,5.0,2,im,2,13AU
0.71,0.83,0.75,-500.0,500.0,500.0,-500.0,-500.0,4900.0,2.0,3,im,2,13AU
0.49,0.55,0.55,1100.0,1300.0,2400.0,1300.0,1300.0,2400.0,3.0,4,im,2,13AU
0.55,0.63,0.59,1500.0,2000.0,1900.0,-1900.0,2000.0,3600.0,3.0,5,im,2,13AU
0.57,0.66,0.63,-100.0,500.0,500.0,-500.0,-500.0,2700.0,5.0,6,im,2,13AU
0.6,0.6,0.57,400.0,1000.0,1300.0,1000.0,1000.0,2400.0,6.0,7,im,2,13AU
0.55,0.76,0.68,1790.0,500.0,500.0,-500.0,-100.0,3700.0,6.0,8,im,2,13AU
0.42,0.4,0.47,3690.0,500.0,500.0,-500.0,-500.0,1000.0,8.0,9,im,2,13AU
0.81,0.92,0.8,1590.0,500.0,7000.0,500.0,100.0,5100.0,2.0,10,im,2,13AU
0.63,0.63,0.62,-500.0,500.0,500.0,-500.0,-300.0,2800.0,6.0,11,im,2,13AU
0.54,0.6,0.56,1000.0,500.0,500.0,-500.0,-500.0,2700.0,2.0,12,im,2,13AU
0.56,0.6,0.53,600.0,900.0,700.0,-700.0,-500.0,1600.0,7.0,13,im,2,13AU
0.54,0.57,0.51,1400.0,500.0,500.0,-500.0,-500.0,2300.0,2.0,14,im,2,13AU
0.65,0.54,0.52,1090.0,500.0,2600.0,500.0,100.0,2500.0,6.0,15,im,2,13AU
0.57,0.62,0.55,100.0,500.0,500.0,-500.0,-300.0,1700.0,4.0,16,im,2,13AU
0.59,0.57,0.53,500.0,500.0,500.0,-500.0,-500.0,3300.0,3.0,17,im,2,13AU
0.71,0.8,0.67,1090.0,500.0,500.0,-500.0,-500.0,2800.0,4.0,18,im,2,13AU
0.89,0.98,0.82,1190.0,500.0,500.0,-500.0,-200.0,6000.0,2.0,0,im,3,13AU
0.78,0.88,0.75,100.0,500.0,500.0,-500.0,-500.0,5900.0,3.0,1,im,3,13AU
0.72,0.75,0.66,-500.0,600.0,1800.0,600.0,600.0,2400.0,5.0,2,im,3,13AU
0.57,0.54,0.54,1990.0,500.0,1100.0,500.0,500.0,2700.0,4.0,3,im,3,13AU
0.73,0.83,0.69,1100.0,500.0,500.0,-500.0,-200.0,3400.0,5.0,4,im,3,13AU
0.54,0.56,0.55,1090.0,500.0,500.0,-500.0,-500.0,2700.0,3.0,5,im,3,13AU
0.67,0.73,0.65,-500.0,500.0,600.0,500.0,-500.0,3800.0,5.0,6,im,3,13AU
0.71,0.73,0.64,900.0,500.0,600.0,500.0,-200.0,2700.0,7.0,7,im,3,13AU
0.71,0.72,0.65,3390.0,600.0,5200.0,600.0,600.0,4700.0,2.0,8,im,3,13AU
0.52,0.48,0.46,-500.0,600.0,1600.0,600.0,200.0,1900.0,10.0,9,im,3,13AU
0.5,0.55,0.56,-400.0,900.0,700.0,-700.0,-500.0,1800.0,5.0,10,im,3,13AU
0.42,0.47,0.48,500.0,500.0,500.0,-500.0,-500.0,2300.0,6.0,11,im,3,13AU
0.64,0.77,0.64,400.0,600.0,500.0,-500.0,-500.0,2500.0,7.0,12,im,3,13AU
0.46,0.37,0.4,600.0,1300.0,1500.0,1300.0,1300.0,1500.0,5.0,13,im,3,13AU
0.84,0.92,0.77,-100.0,500.0,0.0,0.0,300.0,8000.0,1.0,14,im,3,13AU
0.64,0.74,0.65,0.0,500.0,500.0,-500.0,-500.0,2700.0,6.0,15,im,3,13AU
0.68,0.9,0.78,2290.0,800.0,800.0,-800.0,-500.0,3500.0,5.0,16,im,3,13AU
0.82,0.98,0.79,-500.0,1300.0,7900.0,1300.0,1300.0,7300.0,1.0,17,im,3,13AU
0.47,0.37,0.41,500.0,1900.0,1600.0,-1600.0,1900.0,1100.0,5.0,18,im,3,13AU
0.76,0.82,0.67,1100.0,500.0,2500.0,500.0,500.0,3500.0,4.0,19,im,3,13AU
0.56,0.66,0.63,2390.0,900.0,500.0,-500.0,-500.0,1700.0,5.0,0,qm,1,13AU
0.41,0.4,0.39,300.0,500.0,500.0,-500.0,-500.0,1100.0,6.0,1,qm,1,13AU
0.44,0.46,0.48,1290.0,500.0,500.0,-500.0,-500.0,800.0,9.0,2,qm,1,13AU
0.48,0.42,0.45,600.0,500.0,500.0,-500.0,-500.0,1700.0,4.0,3,qm,1,13AU
0.32,0.28,0.35,390.0,1400.0,500.0,-500.0,-500.0,1000.0,5.0,4,qm,1,13AU
0.55,0.5,0.5,1090.0,500.0,1300.0,500.0,200.0,1700.0,8.0,5,qm,1,13AU
0.59,0.62,0.58,-300.0,1000.0,700.0,-700.0,-500.0,1800.0,8.0,6,qm,1,13AU
0.49,0.47,0.43,900.0,600.0,900.0,600.0,-500.0,1600.0,8.0,7,qm,1,13AU
0.52,0.57,0.52,1000.0,500.0,500.0,-500.0,-500.0,1900.0,3.0,8,qm,1,13AU
0.66,0.6,0.53,0.0,500.0,500.0,-500.0,-400.0,2500.0,7.0,9,qm,1,13AU
0.49,0.53,0.49,1400.0,500.0,500.0,-500.0,-500.0,1500.0,7.0,10,qm,1,13AU
0.51,0.5,0.45,500.0,500.0,500.0,-500.0,-500.0,1900.0,4.0,11,qm,1,13AU
0.51,0.5,0.49,1090.0,500.0,500.0,-500.0,-400.0,1700.0,4.0,12,qm,1,13AU
0.54,0.55,0.51,600.0,500.0,500.0,-500.0,-500.0,2600.0,5.0,13,qm,1,13AU
0.52,0.64,0.58,-500.0,500.0,500.0,-500.0,-500.0,1500.0,4.0,14,qm,1,13AU
0.62,0.58,0.53,-500.0,500.0,500.0,-500.0,0.0,3100.0,6.0,15,qm,1,13AU
0.47,0.47,0.47,100.0,500.0,500.0,-500.0,-200.0,1200.0,5.0,16,qm,1,13AU
0.32,0.33,0.39,3200.0,600.0,500.0,-500.0,-500.0,1100.0,3.0,17,qm,1,13AU
0.28,0.22,0.27,5490.0,500.0,500.0,-500.0,-500.0,600.0,3.0,18,qm,1,13AU
0.53,0.53,0.52,800.0,1800.0,1700.0,-1700.0,1800.0,2000.0,5.0,19,qm,1,13AU
0.37,0.28,0.3,-200.0,500.0,900.0,500.0,-500.0,900.0,6.0,0,qm,2,13AU
0.54,0.56,0.51,290.0,500.0,500.0,-500.0,-400.0,1700.0,6.0,1,qm,2,13AU
0.51,0.44,0.46,290.0,500.0,500.0,-500.0,-300.0,1100.0,7.0,2,qm,2,13AU
0.59,0.54,0.52,-500.0,500.0,500.0,-500.0,-500.0,700.0,9.0,3,qm,2,13AU
0.69,0.68,0.59,200.0,500.0,800.0,500.0,-500.0,1600.0,6.0,4,qm,2,13AU
0.58,0.48,0.54,500.0,500.0,500.0,-500.0,0.0,3700.0,6.0,5,qm,2,13AU
0.4,0.35,0.4,1600.0,500.0,500.0,-500.0,-300.0,1200.0,5.0,6,qm,2,13AU
0.5,0.58,0.54,0.0,1000.0,600.0,-600.0,-500.0,2100.0,5.0,7,qm,2,13AU
0.4,0.47,0.44,-500.0,700.0,500.0,-500.0,-500.0,1100.0,6.0,8,qm,2,13AU
0.43,0.48,0.49,1400.0,500.0,500.0,-500.0,-500.0,1500.0,6.0,9,qm,2,13AU
0.41,0.46,0.49,2690.0,500.0,500.0,-500.0,-500.0,900.0,4.0,10,qm,2,13AU
0.52,0.58,0.54,2390.0,500.0,500.0,-500.0,-500.0,1900.0,5.0,11,qm,2,13AU
0.34,0.22,0.25,800.0,500.0,500.0,-500.0,-500.0,500.0,4.0,12,qm,2,13AU
0.41,0.33,0.33,500.0,600.0,1100.0,600.0,600.0,1100.0,6.0,13,qm,2,13AU
0.41,0.34,0.37,1990.0,500.0,800.0,500.0,-500.0,700.0,7.0,14,qm,2,13AU
0.4,0.4,0.42,1590.0,500.0,500.0,-500.0,-500.0,1100.0,7.0,15,qm,2,13AU
0.38,0.44,0.44,390.0,900.0,500.0,-500.0,-500.0,1000.0,7.0,16,qm,2,13AU
0.42,0.4,0.4,2890.0,500.0,500.0,-500.0,-500.0,900.0,5.0,17,qm,2,13AU
0.45,0.4,0.39,-200.0,500.0,1100.0,500.0,300.0,1800.0,3.0,18,qm,2,13AU
0.48,0.44,0.4,290.0,500.0,500.0,-500.0,-500.0,2300.0,5.0,19,qm,2,13AU
0.67,0.9,0.7,400.0,1100.0,600.0,-600.0,-500.0,3600.0,3.0,0,qm,3,13AU
0.4,0.5,0.51,-500.0,500.0,500.0,-500.0,-500.0,1300.0,9.0,1,qm,3,13AU
0.56,0.57,0.53,200.0,500.0,500.0,-500.0,-200.0,2200.0,7.0,2,qm,3,13AU
0.74,0.87,0.69,-100.0,500.0,500.0,-500.0,-500.0,3200.0,4.0,3,qm,3,13AU
0.75,0.86,0.71,2390.0,700.0,1500.0,700.0,700.0,4200.0,4.0,4,qm,3,13AU
0.72,0.77,0.63,-500.0,1200.0,2300.0,1200.0,1200.0,3000.0,8.0,5,qm,3,13AU
0.56,0.67,0.61,300.0,2500.0,500.0,-500.0,-300.0,2400.0,8.0,6,qm,3,13AU
0.67,0.72,0.61,-500.0,1800.0,1400.0,-1400.0,1800.0,5900.0,3.0,7,qm,3,13AU
0.67,0.82,0.69,-500.0,1300.0,5800.0,1300.0,1300.0,3500.0,2.0,8,qm,3,13AU
0.64,0.62,0.56,-200.0,500.0,600.0,500.0,-300.0,2200.0,7.0,9,qm,3,13AU
0.61,0.6,0.58,390.0,500.0,500.0,-500.0,-500.0,1800.0,6.0,10,qm,3,13AU
0.51,0.54,0.55,3490.0,800.0,700.0,-700.0,-500.0,1200.0,4.0,11,qm,3,13AU
0.55,0.57,0.52,-100.0,1400.0,500.0,-500.0,-500.0,1500.0,9.0,12,qm,3,13AU
0.71,0.8,0.66,1700.0,500.0,500.0,-500.0,-500.0,2900.0,4.0,13,qm,3,13AU
0.59,0.6,0.56,-500.0,1000.0,1300.0,1000.0,1000.0,3000.0,5.0,14,qm,3,13AU
0.52,0.56,0.52,1090.0,500.0,1200.0,500.0,100.0,1800.0,7.0,15,qm,3,13AU
0.61,0.65,0.58,2200.0,500.0,500.0,-500.0,-500.0,2600.0,7.0,16,qm,3,13AU
0.63,0.58,0.54,0.0,500.0,500.0,-500.0,-500.0,2300.0,7.0,17,qm,3,13AU
0.61,0.67,0.59,-300.0,500.0,1900.0,500.0,100.0,2600.0,6.0,18,qm,3,13AU
0.63,0.63,0.58,200.0,500.0,1800.0,500.0,100.0,1600.0,12.0,19,qm,3,13AU
0.57,0.92,0.85,1700.0,2700.0,6900.0,2700.0,2700.0,6400.0,1.0,0,im,1,14BE
0.72,1.0,0.92,390.0,3100.0,0.0,0.0,3100.0,6600.0,2.0,1,im,1,14BE
0.82,0.95,0.9,1400.0,500.0,7200.0,500.0,500.0,6700.0,1.0,2,im,1,14BE
0.81,0.73,0.71,100.0,500.0,3200.0,500.0,400.0,4200.0,3.0,3,im,1,14BE
0.6,0.76,0.74,2690.0,500.0,500.0,-500.0,-500.0,3800.0,1.0,4,im,1,14BE
0.91,0.93,0.81,-100.0,700.0,3900.0,700.0,700.0,4300.0,2.0,5,im,1,14BE
0.79,0.85,0.81,700.0,500.0,500.0,-500.0,-100.0,4500.0,4.0,6,im,1,14BE
0.74,0.84,0.84,1490.0,500.0,500.0,-500.0,-500.0,5000.0,1.0,7,im,1,14BE
0.89,1.0,0.95,1290.0,1300.0,0.0,0.0,1300.0,6700.0,1.0,8,im,1,14BE
0.94,1.0,0.94,1590.0,500.0,500.0,-500.0,0.0,6400.0,1.0,9,im,1,14BE
0.77,1.0,0.98,-300.0,500.0,500.0,-500.0,-100.0,7300.0,3.0,10,im,1,14BE
0.89,0.95,0.93,500.0,700.0,6700.0,700.0,700.0,6200.0,2.0,11,im,1,14BE
0.76,0.82,0.77,-200.0,500.0,500.0,-500.0,-500.0,5900.0,2.0,12,im,1,14BE
0.88,1.0,0.91,700.0,500.0,500.0,-500.0,-400.0,6900.0,1.0,13,im,1,14BE
0.96,0.96,0.86,90.0,500.0,1600.0,500.0,300.0,5700.0,3.0,14,im,1,14BE
0.66,0.68,0.66,1290.0,500.0,500.0,-500.0,-500.0,3900.0,2.0,15,im,1,14BE
0.64,0.78,0.71,2590.0,500.0,500.0,-500.0,-500.0,3900.0,1.0,16,im,1,14BE
0.56,0.62,0.62,2390.0,500.0,500.0,-500.0,-500.0,1800.0,4.0,17,im,1,14BE
0.66,0.88,0.77,1400.0,3000.0,3800.0,3000.0,3000.0,3300.0,3.0,18,im,1,14BE
0.82,0.95,0.89,900.0,500.0,500.0,-500.0,-400.0,3400.0,2.0,19,im,1,14BE
0.81,0.97,0.88,-300.0,1000.0,7100.0,1000.0,1000.0,6600.0,1.0,0,im,2,14BE
0.76,0.98,0.93,1990.0,900.0,500.0,-500.0,-500.0,5200.0,1.0,1,im,2,14BE
0.8,1.0,0.93,200.0,600.0,0.0,0.0,600.0,7900.0,1.0,2,im,2,14BE
0.86,1.0,0.94,1590.0,1200.0,7000.0,1200.0,1200.0,6500.0,1.0,3,im,2,14BE
0.68,0.93,0.87,300.0,3800.0,0.0,0.0,3800.0,6300.0,2.0,4,im,2,14BE
0.46,0.82,0.81,1790.0,0.0,1100.0,0.0,-1000.0,4000.0,3.0,5,im,2,14BE
0.67,0.7,0.62,400.0,1500.0,1100.0,-1100.0,1500.0,5200.0,2.0,6,im,2,14BE
0.56,0.66,0.68,1190.0,600.0,500.0,-500.0,-500.0,3600.0,2.0,7,im,2,14BE
0.72,0.8,0.77,500.0,500.0,500.0,-500.0,-500.0,5700.0,1.0,8,im,2,14BE
0.61,0.72,0.71,1590.0,500.0,500.0,-500.0,-500.0,3500.0,3.0,9,im,2,14BE
0.88,0.98,0.9,-200.0,800.0,0.0,0.0,800.0,6800.0,1.0,10,im,2,14BE
0.77,0.87,0.78,-200.0,700.0,2800.0,700.0,700.0,3600.0,3.0,11,im,2,14BE
0.76,0.88,0.81,1500.0,1000.0,3200.0,1000.0,1000.0,3800.0,2.0,12,im,2,14BE
0.69,0.78,0.74,1800.0,1100.0,4700.0,1100.0,1100.0,4200.0,2.0,13,im,2,14BE
0.59,1.0,0.95,1990.0,0.0,6600.0,0.0,-1000.0,6100.0,1.0,14,im,2,14BE
0.83,1.0,0.95,2090.0,1000.0,6500.0,1000.0,1000.0,6000.0,1.0,15,im,2,14BE
0.56,0.96,0.9,2090.0,0.0,7500.0,0.0,-1000.0,5500.0,2.0,16,im,2,14BE
0.58,0.87,0.79,1700.0,3600.0,6900.0,3600.0,3600.0,4300.0,2.0,17,im,2,14BE
0.92,0.98,0.94,190.0,500.0,500.0,-500.0,-200.0,6600.0,2.0,18,im,2,14BE
0.85,1.0,0.95,1100.0,900.0,7500.0,900.0,900.0,7100.0,1.0,19,im,2,14BE
0.76,1.0,0.93,500.0,3000.0,0.0,0.0,3000.0,7600.0,1.0,0,im,3,14BE
0.88,0.98,0.91,500.0,1400.0,0.0,0.0,1400.0,7600.0,1.0,1,im,3,14BE
0.78,0.87,0.72,500.0,500.0,500.0,-500.0,-500.0,4000.0,2.0,2,im,3,14BE
0.7,0.82,0.7,2690.0,500.0,600.0,500.0,-500.0,2500.0,5.0,3,im,3,14BE
0.9,0.98,0.93,-100.0,1100.0,0.0,0.0,1100.0,8000.0,1.0,4,im,3,14BE
0.91,1.0,0.91,400.0,1100.0,0.0,0.0,1100.0,7700.0,1.0,5,im,3,14BE
0.87,0.95,0.79,200.0,1300.0,0.0,0.0,1300.0,3000.0,3.0,6,im,3,14BE
0.86,0.97,0.79,400.0,800.0,500.0,-500.0,-500.0,6800.0,2.0,7,im,3,14BE
0.82,0.97,0.77,500.0,500.0,500.0,-500.0,-500.0,4700.0,2.0,8,im,3,14BE
0.55,0.58,0.52,100.0,2000.0,600.0,-600.0,-500.0,3100.0,6.0,9,im,3,14BE
0.88,1.0,0.91,300.0,1500.0,0.0,0.0,1500.0,7800.0,1.0,10,im,3,14BE
0.92,1.0,0.9,100.0,1100.0,0.0,0.0,1100.0,8000.0,1.0,11,im,3,14BE
0.58,0.68,0.6,90.0,2700.0,2700.0,-2700.0,2700.0,3300.0,7.0,12,im,3,14BE
0.91,1.0,0.79,1290.0,500.0,0.0,0.0,500.0,6400.0,2.0,13,im,3,14BE
0.77,0.9,0.86,-500.0,500.0,5000.0,500.0,100.0,4500.0,1.0,14,im,3,14BE
0.74,0.85,0.82,400.0,1200.0,2700.0,1200.0,1200.0,4100.0,3.0,15,im,3,14BE
0.66,0.83,0.75,2200.0,2000.0,6400.0,2000.0,2000.0,5900.0,1.0,16,im,3,14BE
0.69,0.84,0.74,2690.0,1200.0,5900.0,1200.0,1200.0,3400.0,2.0,17,im,3,14BE
0.77,0.92,0.72,900.0,500.0,500.0,-500.0,-500.0,6100.0,1.0,18,im,3,14BE
0.39,0.64,0.57,2990.0,0.0,3900.0,0.0,-1000.0,3300.0,2.0,19,im,3,14BE
0.83,0.9,0.88,2000.0,500.0,6600.0,500.0,300.0,6100.0,2.0,0,qm,1,14BE
0.79,0.85,0.74,1000.0,600.0,3100.0,600.0,600.0,4100.0,4.0,1,qm,1,14BE
0.6,0.73,0.72,700.0,2300.0,2200.0,-2200.0,2300.0,3300.0,4.0,2,qm,1,14BE
0.88,0.98,0.89,1890.0,500.0,6700.0,500.0,100.0,4800.0,4.0,3,qm,1,14BE
0.79,0.9,0.8,600.0,500.0,500.0,-500.0,-500.0,3500.0,2.0,4,qm,1,14BE
0.77,0.9,0.86,-300.0,500.0,500.0,-500.0,0.0,6200.0,1.0,5,qm,1,14BE
0.66,0.77,0.74,500.0,1200.0,800.0,-800.0,-500.0,4800.0,3.0,6,qm,1,14BE
0.8,0.8,0.76,290.0,500.0,3700.0,500.0,200.0,2900.0,5.0,7,qm,1,14BE
0.65,0.8,0.76,700.0,2200.0,500.0,-500.0,-200.0,3500.0,3.0,8,qm,1,14BE
0.51,0.53,0.51,1700.0,500.0,500.0,-500.0,-200.0,2100.0,3.0,9,qm,1,14BE
0.39,0.32,0.29,4400.0,2100.0,2600.0,2100.0,2100.0,2100.0,3.0,10,qm,1,14BE
0.7,0.97,0.92,100.0,500.0,7200.0,500.0,200.0,6800.0,2.0,11,qm,1,14BE
0.54,0.63,0.51,2500.0,500.0,500.0,-500.0,-500.0,2300.0,2.0,12,qm,1,14BE
0.48,0.54,0.51,3090.0,500.0,500.0,-500.0,-500.0,1800.0,2.0,13,qm,1,14BE
0.51,0.42,0.45,1090.0,500.0,500.0,-500.0,-500.0,3100.0,2.0,14,qm,1,14BE
0.38,0.38,0.37,1900.0,1400.0,900.0,-900.0,-400.0,1900.0,4.0,15,qm,1,14BE
0.46,0.45,0.45,900.0,500.0,500.0,-500.0,-500.0,1300.0,6.0,16,qm,1,14BE
0.72,0.88,0.8,1700.0,1400.0,6900.0,1400.0,1400.0,6400.0,1.0,17,qm,1,14BE
0.54,0.65,0.63,1800.0,500.0,500.0,-500.0,-500.0,4100.0,1.0,18,qm,1,14BE
0.63,0.56,0.57,1090.0,1500.0,1400.0,-1400.0,1500.0,2800.0,3.0,19,qm,1,14BE
0.67,0.93,0.85,1500.0,2900.0,2100.0,-2100.0,2900.0,4700.0,2.0,0,qm,2,14BE
0.91,0.98,0.94,1790.0,500.0,6800.0,500.0,100.0,6300.0,1.0,1,qm,2,14BE
0.76,0.94,0.89,1990.0,500.0,500.0,-500.0,-500.0,5000.0,1.0,2,qm,2,14BE
0.58,0.88,0.89,2790.0,3300.0,5800.0,3300.0,3300.0,5200.0,1.0,3,qm,2,14BE
0.8,0.96,0.93,1290.0,1300.0,6100.0,1300.0,1300.0,5600.0,2.0,4,qm,2,14BE
0.54,0.52,0.53,1990.0,500.0,600.0,500.0,-500.0,3000.0,1.0,5,qm,2,14BE
0.73,0.98,0.96,1890.0,2200.0,6700.0,2200.0,2200.0,6200.0,1.0,6,qm,2,14BE
0.86,0.88,0.88,290.0,500.0,5600.0,500.0,400.0,5100.0,3.0,7,qm,2,14BE
0.55,0.64,0.66,2090.0,500.0,500.0,-500.0,-500.0,3200.0,3.0,8,qm,2,14BE
0.87,0.93,0.92,500.0,500.0,500.0,-500.0,-300.0,4300.0,2.0,9,qm,2,14BE
0.67,0.72,0.7,2190.0,1100.0,2100.0,1100.0,1100.0,3000.0,2.0,10,qm,2,14BE
0.81,0.97,0.92,1500.0,500.0,500.0,-500.0,-200.0,6400.0,1.0,11,qm,2,14BE
0.88,0.98,0.91,390.0,1200.0,0.0,0.0,1200.0,6900.0,2.0,12,qm,2,14BE
0.69,0.87,0.82,1800.0,500.0,500.0,-500.0,-500.0,4400.0,2.0,13,qm,2,14BE
0.78,0.94,0.92,2590.0,1000.0,6000.0,1000.0,1000.0,5500.0,1.0,14,qm,2,14BE
0.69,0.98,0.94,2490.0,2300.0,6100.0,2300.0,2300.0,5700.0,1.0,15,qm,2,14BE
0.91,1.0,0.99,1590.0,500.0,7000.0,500.0,400.0,6500.0,1.0,16,qm,2,14BE
0.79,0.85,0.83,1200.0,500.0,2900.0,500.0,400.0,3500.0,2.0,17,qm,2,14BE
0.91,1.0,0.97,-100.0,1200.0,0.0,0.0,1200.0,5900.0,2.0,18,qm,2,14BE
0.9,1.0,0.98,100.0,1300.0,0.0,0.0,1300.0,8000.0,1.0,19,qm,2,14BE
0.69,0.8,0.78,1290.0,500.0,500.0,-500.0,-500.0,4300.0,2.0,0,qm,3,14BE
0.74,0.92,0.84,2590.0,1500.0,6000.0,1500.0,1500.0,4300.0,3.0,1,qm,3,14BE
0.65,0.84,0.76,2790.0,500.0,500.0,-500.0,-500.0,4100.0,1.0,2,qm,3,14BE
0.82,0.93,0.87,200.0,500.0,500.0,-500.0,-500.0,5900.0,2.0,3,qm,3,14BE
0.51,0.72,0.66,1000.0,1500.0,500.0,-500.0,-500.0,4600.0,1.0,4,qm,3,14BE
0.64,0.63,0.66,200.0,500.0,500.0,-500.0,-500.0,4800.0,1.0,5,qm,3,14BE
0.73,0.83,0.78,1900.0,700.0,4100.0,700.0,700.0,3700.0,2.0,6,qm,3,14BE
0.65,0.86,0.76,2490.0,2000.0,2400.0,2000.0,2000.0,2700.0,3.0,7,qm,3,14BE
0.7,0.78,0.73,1600.0,500.0,500.0,-500.0,-100.0,3500.0,2.0,8,qm,3,14BE
0.71,0.92,0.87,-500.0,2500.0,7800.0,2500.0,2500.0,3700.0,3.0,9,qm,3,14BE
0.89,0.92,0.82,800.0,500.0,7800.0,500.0,300.0,6500.0,2.0,10,qm,3,14BE
0.79,0.92,0.87,1700.0,900.0,6900.0,900.0,900.0,6400.0,1.0,11,qm,3,14BE
0.64,1.0,0.96,600.0,500.0,500.0,-500.0,0.0,7400.0,1.0,12,qm,3,14BE
0.7,1.0,0.98,1090.0,800.0,0.0,0.0,800.0,6900.0,1.0,13,qm,3,14BE
0.66,0.82,0.78,2990.0,1800.0,5600.0,1800.0,1800.0,3400.0,2.0,14,qm,3,14BE
0.82,0.93,0.89,-400.0,500.0,6900.0,500.0,100.0,6500.0,1.0,15,qm,3,14BE
0.73,0.77,0.76,-200.0,500.0,1700.0,500.0,100.0,3600.0,5.0,16,qm,3,14BE
0.56,0.52,0.5,-100.0,1100.0,500.0,-500.0,-500.0,2900.0,3.0,17,qm,3,14BE
0.45,0.44,0.53,1890.0,2000.0,1100.0,-1100.0,2000.0,1200.0,4.0,18,qm,3,14BE
0.88,0.92,0.85,90.0,500.0,500.0,-500.0,0.0,6600.0,2.0,19,qm,3,14BE
0.47,0.32,0.4,400.0,500.0,500.0,-500.0,-100.0,2900.0,2.0,0,im,1,15AZ
0.74,0.64,0.58,-100.0,500.0,1400.0,500.0,500.0,1900.0,5.0,1,im,1,15AZ
0.57,0.52,0.5,-100.0,500.0,500.0,-500.0,-400.0,1700.0,5.0,2,im,1,15AZ
0.38,0.3,0.34,1090.0,500.0,500.0,-500.0,-500.0,1500.0,4.0,3,im,1,15AZ
0.67,0.75,0.71,0.0,500.0,500.0,-500.0,-500.0,3400.0,3.0,4,im,1,15AZ
0.6,0.62,0.58,0.0,500.0,500.0,-500.0,-500.0,2100.0,4.0,5,im,1,15AZ
0.74,0.8,0.7,1090.0,500.0,500.0,-500.0,-500.0,3200.0,3.0,6,im,1,15AZ
0.68,0.74,0.71,-100.0,700.0,500.0,-500.0,-500.0,2800.0,3.0,7,im,1,15AZ
0.74,0.67,0.66,0.0,500.0,1300.0,500.0,400.0,4000.0,3.0,8,im,1,15AZ
0.6,0.55,0.54,0.0,500.0,500.0,-500.0,-500.0,2300.0,4.0,9,im,1,15AZ
0.48,0.6,0.57,1400.0,500.0,500.0,-500.0,-500.0,3100.0,3.0,10,im,1,15AZ
0.65,0.62,0.62,-200.0,500.0,500.0,-500.0,-500.0,3200.0,3.0,11,im,1,15AZ
0.58,0.6,0.6,-500.0,500.0,500.0,-500.0,-500.0,2900.0,4.0,12,im,1,15AZ
0.49,0.3,0.33,-100.0,500.0,1400.0,500.0,200.0,1600.0,4.0,13,im,1,15AZ
0.47,0.4,0.44,-100.0,500.0,500.0,-500.0,-500.0,2200.0,3.0,14,im,1,15AZ
0.55,0.54,0.49,1490.0,500.0,500.0,-500.0,-100.0,2000.0,5.0,15,im,1,15AZ
0.53,0.47,0.47,-100.0,500.0,700.0,500.0,-500.0,1400.0,6.0,16,im,1,15AZ
0.66,0.78,0.79,1090.0,500.0,700.0,500.0,-500.0,4200.0,4.0,17,im,1,15AZ
0.64,0.64,0.59,290.0,500.0,500.0,-500.0,-500.0,3200.0,3.0,18,im,1,15AZ
0.72,0.75,0.72,-100.0,500.0,500.0,-500.0,-200.0,3600.0,4.0,19,im,1,15AZ
0.88,0.96,0.84,390.0,500.0,500.0,-500.0,-400.0,3800.0,3.0,0,im,2,15AZ
0.39,0.38,0.42,3000.0,500.0,800.0,500.0,-500.0,1100.0,6.0,1,im,2,15AZ
0.41,0.4,0.44,0.0,500.0,500.0,-500.0,-500.0,1500.0,4.0,2,im,2,15AZ
0.44,0.33,0.36,300.0,500.0,1400.0,500.0,300.0,1200.0,7.0,3,im,2,15AZ
0.62,0.55,0.53,0.0,500.0,1100.0,500.0,100.0,2900.0,6.0,4,im,2,15AZ
0.44,0.37,0.37,-100.0,500.0,500.0,-500.0,-500.0,1400.0,5.0,5,im,2,15AZ
0.59,0.57,0.53,300.0,500.0,500.0,-500.0,-500.0,3900.0,2.0,6,im,2,15AZ
0.67,0.57,0.57,0.0,500.0,1500.0,500.0,400.0,4300.0,2.0,7,im,2,15AZ
0.5,0.58,0.61,3200.0,500.0,500.0,-500.0,-500.0,3300.0,2.0,8,im,2,15AZ
0.64,0.82,0.78,100.0,500.0,500.0,-500.0,-500.0,5100.0,2.0,9,im,2,15AZ
0.6,0.74,0.67,2790.0,500.0,500.0,-500.0,-500.0,3000.0,3.0,10,im,2,15AZ
0.64,0.64,0.64,190.0,500.0,500.0,-500.0,0.0,3000.0,5.0,11,im,2,15AZ
0.84,0.92,0.9,400.0,500.0,1100.0,500.0,400.0,5700.0,3.0,12,im,2,15AZ
0.76,0.98,0.94,2290.0,500.0,500.0,-500.0,-500.0,5100.0,1.0,13,im,2,15AZ
0.79,1.0,0.96,90.0,500.0,500.0,-500.0,-500.0,5200.0,3.0,14,im,2,15AZ
0.69,0.86,0.8,2390.0,500.0,500.0,-500.0,-500.0,2500.0,3.0,15,im,2,15AZ
0.58,0.55,0.57,200.0,900.0,500.0,-500.0,-500.0,3600.0,3.0,16,im,2,15AZ
0.54,0.57,0.53,1200.0,600.0,1200.0,600.0,600.0,1700.0,6.0,17,im,2,15AZ
0.77,0.84,0.83,90.0,1200.0,1600.0,1200.0,1200.0,3900.0,4.0,18,im,2,15AZ
0.63,0.83,0.83,1700.0,500.0,500.0,-500.0,-500.0,5000.0,1.0,19,im,2,15AZ
0.62,0.94,0.8,1890.0,2800.0,4300.0,2800.0,2800.0,3900.0,3.0,0,im,3,15AZ
0.59,0.92,0.77,1290.0,0.0,0.0,0.0,-1000.0,6200.0,2.0,1,im,3,15AZ
0.83,0.87,0.73,200.0,600.0,6200.0,600.0,600.0,5500.0,3.0,2,im,3,15AZ
0.51,0.82,0.68,2390.0,3800.0,1900.0,-1900.0,3800.0,2600.0,3.0,3,im,3,15AZ
0.58,0.86,0.75,290.0,3400.0,2100.0,-2100.0,3400.0,2300.0,6.0,4,im,3,15AZ
0.45,0.5,0.54,-200.0,700.0,2800.0,700.0,700.0,2900.0,5.0,5,im,3,15AZ
0.66,0.9,0.75,0.0,700.0,1500.0,700.0,700.0,3600.0,4.0,6,im,3,15AZ
0.48,0.5,0.46,2490.0,800.0,900.0,800.0,-500.0,2100.0,4.0,7,im,3,15AZ
0.58,0.67,0.61,1300.0,1600.0,1400.0,-1400.0,1600.0,4300.0,2.0,8,im,3,15AZ
0.64,0.86,0.78,90.0,700.0,1700.0,700.0,700.0,5100.0,3.0,9,im,3,15AZ
0.67,0.85,0.73,800.0,1700.0,1600.0,-1600.0,1700.0,3000.0,3.0,10,im,3,15AZ
0.7,0.92,0.81,300.0,500.0,500.0,-500.0,-500.0,6100.0,2.0,11,im,3,15AZ
0.81,0.92,0.75,1390.0,700.0,6200.0,700.0,700.0,5600.0,2.0,12,im,3,15AZ
0.4,0.54,0.55,0.0,0.0,800.0,0.0,-500.0,2600.0,4.0,13,im,3,15AZ
0.63,0.84,0.73,190.0,2700.0,1900.0,-1900.0,2700.0,3500.0,6.0,14,im,3,15AZ
0.72,0.78,0.68,390.0,1500.0,1300.0,-1300.0,200.0,3100.0,7.0,15,im,3,15AZ
0.41,0.56,0.54,1690.0,0.0,2800.0,0.0,-1000.0,3000.0,4.0,16,im,3,15AZ
0.52,0.7,0.64,2590.0,1700.0,2300.0,1700.0,1700.0,2000.0,4.0,17,im,3,15AZ
0.52,0.42,0.47,600.0,600.0,2000.0,600.0,600.0,2500.0,6.0,18,im,3,15AZ
0.49,0.4,0.41,0.0,1000.0,2900.0,1000.0,1000.0,2700.0,4.0,19,im,3,15AZ
0.59,0.52,0.52,3190.0,500.0,2000.0,500.0,300.0,1800.0,6.0,0,qm,1,15AZ
0.37,0.37,0.38,1300.0,500.0,500.0,-500.0,-500.0,600.0,3.0,1,qm,1,15AZ
0.31,0.23,0.3,400.0,500.0,500.0,-500.0,-500.0,1000.0,3.0,2,qm,1,15AZ
0.74,0.73,0.59,200.0,500.0,500.0,-500.0,0.0,3000.0,5.0,3,qm,1,15AZ
0.45,0.42,0.45,1090.0,500.0,500.0,-500.0,-500.0,1200.0,4.0,4,qm,1,15AZ
0.65,0.72,0.59,2090.0,500.0,500.0,-500.0,0.0,1600.0,6.0,5,qm,1,15AZ
0.68,0.82,0.68,1800.0,500.0,500.0,-500.0,-500.0,2500.0,5.0,6,qm,1,15AZ
0.62,0.7,0.63,2200.0,500.0,500.0,-500.0,-300.0,3100.0,3.0,7,qm,1,15AZ
0.62,0.74,0.68,2290.0,500.0,500.0,-500.0,-500.0,2700.0,5.0,8,qm,1,15AZ
0.58,0.53,0.53,400.0,500.0,1300.0,500.0,500.0,3300.0,4.0,9,qm,1,15AZ
0.46,0.47,0.47,-300.0,500.0,600.0,500.0,-500.0,1900.0,6.0,10,qm,1,15AZ
0.42,0.4,0.44,200.0,500.0,500.0,-500.0,-500.0,1000.0,6.0,11,qm,1,15AZ
0.42,0.36,0.37,1090.0,500.0,500.0,-500.0,-500.0,800.0,5.0,12,qm,1,15AZ
0.28,0.24,0.36,3090.0,500.0,500.0,-500.0,-500.0,400.0,3.0,13,qm,1,15AZ
0.51,0.62,0.56,0.0,900.0,500.0,-500.0,-500.0,1800.0,4.0,14,qm,1,15AZ
0.47,0.5,0.53,900.0,500.0,500.0,-500.0,-500.0,2000.0,8.0,15,qm,1,15AZ
0.47,0.35,0.36,-100.0,500.0,1200.0,500.0,400.0,1300.0,4.0,16,qm,1,15AZ
0.47,0.42,0.45,100.0,500.0,500.0,-500.0,-500.0,1500.0,5.0,17,qm,1,15AZ
0.61,0.6,0.5,900.0,500.0,600.0,500.0,-400.0,1400.0,6.0,18,qm,1,15AZ
0.63,0.63,0.6,0.0,500.0,500.0,-500.0,-500.0,3500.0,3.0,19,qm,1,15AZ
0.4,0.48,0.45,-500.0,800.0,500.0,-500.0,-500.0,1800.0,4.0,0,qm,2,15AZ
0.7,0.8,0.68,290.0,2000.0,1000.0,-1000.0,-500.0,5300.0,3.0,1,qm,2,15AZ
0.48,0.55,0.53,1600.0,500.0,500.0,-500.0,-500.0,1400.0,7.0,2,qm,2,15AZ
0.76,0.94,0.82,2090.0,500.0,6000.0,500.0,300.0,5400.0,3.0,3,qm,2,15AZ
0.89,0.92,0.85,0.0,500.0,5200.0,500.0,400.0,4700.0,2.0,4,qm,2,15AZ
0.55,0.73,0.68,1400.0,2000.0,1300.0,-1300.0,2000.0,3200.0,3.0,5,qm,2,15AZ
0.49,0.62,0.58,1090.0,3000.0,2200.0,-2200.0,3000.0,1500.0,5.0,6,qm,2,15AZ
0.82,0.82,0.75,600.0,500.0,5000.0,500.0,200.0,4800.0,3.0,7,qm,2,15AZ
0.6,0.64,0.57,2090.0,500.0,800.0,500.0,-500.0,1700.0,5.0,8,qm,2,15AZ
0.63,0.58,0.57,-400.0,1400.0,2000.0,1400.0,1400.0,2800.0,4.0,9,qm,2,15AZ
0.5,0.57,0.54,1400.0,1800.0,800.0,-800.0,-500.0,3100.0,3.0,10,qm,2,15AZ
0.63,0.66,0.56,-400.0,1000.0,1600.0,1000.0,1000.0,2400.0,4.0,11,qm,2,15AZ
0.7,0.68,0.66,1090.0,500.0,1100.0,500.0,200.0,2500.0,6.0,12,qm,2,15AZ
0.6,0.52,0.49,1290.0,500.0,500.0,-500.0,-100.0,1900.0,6.0,13,qm,2,15AZ
0.4,0.34,0.41,1290.0,500.0,500.0,-500.0,-400.0,1300.0,4.0,14,qm,2,15AZ
0.44,0.45,0.5,1600.0,500.0,500.0,-500.0,-200.0,1900.0,5.0,15,qm,2,15AZ
0.6,0.58,0.53,-100.0,500.0,600.0,500.0,-500.0,1500.0,6.0,16,qm,2,15AZ
0.61,0.72,0.59,390.0,800.0,800.0,-800.0,-500.0,2200.0,6.0,17,qm,2,15AZ
0.59,0.57,0.53,200.0,500.0,500.0,-500.0,-500.0,2800.0,4.0,18,qm,2,15AZ
0.68,0.78,0.72,2190.0,500.0,500.0,-500.0,-100.0,3000.0,4.0,19,qm,2,15AZ
0.51,0.48,0.44,1000.0,500.0,700.0,500.0,-500.0,1600.0,4.0,0,qm,3,15AZ
0.69,0.67,0.63,600.0,500.0,1000.0,500.0,-500.0,2800.0,7.0,1,qm,3,15AZ
0.54,0.58,0.54,-200.0,500.0,500.0,-500.0,-100.0,1800.0,10.0,2,qm,3,15AZ
0.62,0.76,0.73,2390.0,900.0,2300.0,900.0,900.0,2100.0,3.0,3,qm,3,15AZ
0.69,0.62,0.62,200.0,1000.0,2200.0,1000.0,1000.0,4200.0,2.0,4,qm,3,15AZ
0.55,0.78,0.69,-100.0,0.0,800.0,0.0,-300.0,2800.0,5.0,5,qm,3,15AZ
0.84,0.9,0.78,-500.0,500.0,7600.0,500.0,400.0,4500.0,3.0,6,qm,3,15AZ
0.71,0.76,0.75,1090.0,900.0,4800.0,900.0,900.0,2800.0,4.0,7,qm,3,15AZ
0.76,0.88,0.83,-500.0,600.0,6500.0,600.0,600.0,6100.0,1.0,8,qm,3,15AZ
0.61,0.65,0.67,1400.0,600.0,1300.0,600.0,600.0,3500.0,6.0,9,qm,3,15AZ
0.59,0.62,0.62,700.0,900.0,3500.0,900.0,900.0,2600.0,5.0,10,qm,3,15AZ
0.65,0.76,0.67,2190.0,500.0,500.0,-500.0,-300.0,4400.0,2.0,11,qm,3,15AZ
0.67,0.73,0.68,-400.0,500.0,500.0,-500.0,-200.0,3400.0,3.0,12,qm,3,15AZ
0.61,0.52,0.55,500.0,500.0,3600.0,500.0,200.0,2400.0,5.0,13,qm,3,15AZ
0.59,0.72,0.61,1700.0,800.0,900.0,800.0,-500.0,2200.0,5.0,14,qm,3,15AZ
0.7,0.72,0.64,-100.0,500.0,500.0,-500.0,-200.0,4400.0,4.0,15,qm,3,15AZ
0.58,0.57,0.57,100.0,1100.0,3600.0,1100.0,1100.0,1900.0,6.0,16,qm,3,15AZ
0.59,0.64,0.58,-500.0,500.0,500.0,-500.0,-500.0,1600.0,6.0,17,qm,3,15AZ
0.59,0.58,0.55,200.0,800.0,500.0,-500.0,-400.0,1700.0,6.0,18,qm,3,15AZ
0.59,0.6,0.55,-200.0,800.0,2200.0,800.0,800.0,2000.0,3.0,19,qm,3,15AZ
